#
# There is insufficient memory for the Java Runtime Environment to continue.
# Native memory allocation (mmap) failed to map 65536 bytes. Error detail: Failed to commit metaspace.
# Possible reasons:
#   The system is out of physical RAM or swap space
#   This process is running with CompressedOops enabled, and the Java Heap may be blocking the growth of the native heap
# Possible solutions:
#   Reduce memory load on the system
#   Increase physical memory or swap space
#   Check if swap backing store is full
#   Decrease Java heap size (-Xmx/-Xms)
#   Decrease number of Java threads
#   Decrease Java thread stack sizes (-Xss)
#   Set larger code cache with -XX:ReservedCodeCacheSize=
#   JVM is running with Unscaled Compressed Oops mode in which the Java heap is
#     placed in the first 4GB address space. The Java Heap base address is the
#     maximum limit for the native heap growth. Please use -XX:HeapBaseMinAddress
#     to set the Java Heap base and to place the Java Heap above 4GB virtual address.
# This output file may be truncated or incomplete.
#
#  Out of Memory Error (virtualSpaceNode.cpp:113), pid=36316, tid=36780
#
# JRE version: OpenJDK Runtime Environment Temurin-21.0.10+7 (21.0.10+7) (build 21.0.10+7-LTS)
# Java VM: OpenJDK 64-Bit Server VM Temurin-21.0.10+7 (21.0.10+7-LTS, mixed mode, sharing, tiered, compressed oops, compressed class ptrs, g1 gc, windows-amd64)
# No core dump will be written. Minidumps are not enabled by default on client versions of Windows
#

---------------  S U M M A R Y ------------

Command Line: --add-opens=java.base/java.lang=ALL-UNNAMED --add-opens=java.base/java.lang.invoke=ALL-UNNAMED --add-opens=java.base/java.util=ALL-UNNAMED --add-opens=java.prefs/java.util.prefs=ALL-UNNAMED --add-exports=jdk.compiler/com.sun.tools.javac.api=ALL-UNNAMED --add-exports=jdk.compiler/com.sun.tools.javac.util=ALL-UNNAMED --add-opens=java.base/java.util=ALL-UNNAMED --add-opens=java.prefs/java.util.prefs=ALL-UNNAMED --add-opens=java.base/java.nio.charset=ALL-UNNAMED --add-opens=java.base/java.net=ALL-UNNAMED --add-opens=java.base/java.util.concurrent=ALL-UNNAMED --add-opens=java.base/java.util.concurrent.atomic=ALL-UNNAMED --add-opens=java.xml/javax.xml.namespace=ALL-UNNAMED --add-opens=java.base/java.time=ALL-UNNAMED -XX:MaxMetaspaceSize=384m -XX:+HeapDumpOnOutOfMemoryError -Xms256m -Xmx512m -Dfile.encoding=UTF-8 -Duser.country=US -Duser.language=en -Duser.variant -javaagent:C:\Users\Admin\.gradle\wrapper\dists\gradle-9.4.1-bin\arn2x92ynaizyzdaamcbpbhtj\gradle-9.4.1\lib\agents\gradle-instrumentation-agent-9.4.1.jar org.gradle.launcher.daemon.bootstrap.GradleDaemon 9.4.1

Host: AMD Ryzen 7 8845H w/ Radeon 780M Graphics, 16 cores, 13G,  Windows 11 , 64 bit Build 26100 (10.0.26100.8246)
Time: Fri May  8 14:17:26 2026 SE Asia Standard Time elapsed time: 3.167906 seconds (0d 0h 0m 3s)

---------------  T H R E A D  ---------------

Current thread (0x000001c63ffac840):  JavaThread "Daemon worker"        [_thread_in_vm, id=36780, stack(0x000000608fc00000,0x000000608fd00000) (1024K)]

Stack: [0x000000608fc00000,0x000000608fd00000]
Native frames: (J=compiled Java code, j=interpreted, Vv=VM code, C=native code)
V  [jvm.dll+0x6d7a39]
V  [jvm.dll+0x8b4b26]
V  [jvm.dll+0x8b70de]
V  [jvm.dll+0x8b77c3]
V  [jvm.dll+0x284346]
V  [jvm.dll+0x8b086e]
V  [jvm.dll+0x679444]
V  [jvm.dll+0x1e82bb]
V  [jvm.dll+0x1e807e]
V  [jvm.dll+0x67bd42]
V  [jvm.dll+0x67bb72]
V  [jvm.dll+0x679e1e]
V  [jvm.dll+0x68af1d]
V  [jvm.dll+0x68429e]
V  [jvm.dll+0x3dd6b1]
C  0x000001c618d4bc1b

The last pc belongs to method entry point (kind = zerolocals) (printed below).
Java frames: (J=compiled Java code, j=interpreted, Vv=VM code)
j  org.codehaus.groovy.util.ReferenceType.<clinit>()V+0
v  ~StubRoutines::call_stub 0x000001c618d410e7
j  org.codehaus.groovy.util.ReferenceBundle.<clinit>()V+27
v  ~StubRoutines::call_stub 0x000001c618d410e7
j  org.codehaus.groovy.runtime.metaclass.MetaClassRegistryImpl.<init>(IZ)V+53
j  org.codehaus.groovy.runtime.metaclass.MetaClassRegistryImpl.<init>()V+3
j  groovy.lang.GroovySystem.<clinit>()V+8
v  ~StubRoutines::call_stub 0x000001c618d410e7
j  org.codehaus.groovy.runtime.InvokerHelper.<clinit>()V+20
v  ~StubRoutines::call_stub 0x000001c618d410e7
j  groovy.lang.GroovyObjectSupport.getDefaultMetaClass()Lgroovy/lang/MetaClass;+4
j  groovy.lang.GroovyObjectSupport.<init>()V+6
j  groovy.lang.Binding.<init>()V+1
j  groovy.lang.Script.<init>()V+5
j  org.gradle.groovy.scripts.Script.<init>()V+1
j  org.gradle.groovy.scripts.BasicScript.<init>()V+1
j  org.gradle.groovy.scripts.DefaultScript.<init>()V+1
j  org.gradle.initialization.InitScript.<init>()V+1
j  javals_3lmrggyrvj64xlxtkea63bxq3.<init>()V+1
J 3516 c1 java.lang.invoke.DirectMethodHandle$Holder.newInvokeSpecial(Ljava/lang/Object;)Ljava/lang/Object; java.base@21.0.10 (20 bytes) @ 0x000001c611fe0904 [0x000001c611fe0380+0x0000000000000584]
J 1621 c1 jdk.internal.reflect.DirectConstructorHandleAccessor.newInstance([Ljava/lang/Object;)Ljava/lang/Object; java.base@21.0.10 (130 bytes) @ 0x000001c611bf04dc [0x000001c611bef3c0+0x000000000000111c]
J 1619 c1 java.lang.reflect.Constructor.newInstanceWithCaller([Ljava/lang/Object;ZLjava/lang/Class;)Ljava/lang/Object; java.base@21.0.10 (51 bytes) @ 0x000001c611bec9cc [0x000001c611bec7e0+0x00000000000001ec]
J 1620 c1 java.lang.reflect.Constructor.newInstance([Ljava/lang/Object;)Ljava/lang/Object; java.base@21.0.10 (34 bytes) @ 0x000001c611bec0c4 [0x000001c611bebf60+0x0000000000000164]
j  org.gradle.internal.instantiation.generator.AsmBackedClassGenerator$InvokeConstructorStrategy.newInstance(Lorg/gradle/internal/service/ServiceLookup;Lorg/gradle/internal/instantiation/InstanceGenerator;Lorg/gradle/api/Describable;[Ljava/lang/Object;)Ljava/lang/Object;+37
j  org.gradle.internal.instantiation.generator.AbstractClassGenerator$GeneratedClassImpl$GeneratedConstructorImpl.newInstance(Lorg/gradle/internal/service/ServiceLookup;Lorg/gradle/internal/instantiation/InstanceGenerator;Lorg/gradle/api/Describable;[Ljava/lang/Object;)Ljava/lang/Object;+9
j  org.gradle.internal.instantiation.generator.DependencyInjectingInstantiator.doCreate(Ljava/lang/Class;Lorg/gradle/api/Describable;[Ljava/lang/Object;)Ljava/lang/Object;+37
j  org.gradle.internal.instantiation.generator.DependencyInjectingInstantiator.newInstance(Ljava/lang/Class;[Ljava/lang/Object;)Ljava/lang/Object;+4
j  org.gradle.groovy.scripts.internal.DefaultScriptRunnerFactory$ScriptRunnerImpl.getScript()Lorg/gradle/groovy/scripts/Script;+30
j  org.gradle.groovy.scripts.internal.DefaultScriptRunnerFactory$ScriptRunnerImpl.run(Ljava/lang/Object;Lorg/gradle/internal/service/ServiceRegistry;)V+21
j  org.gradle.configuration.DefaultScriptPluginFactory$ScriptPluginImpl.lambda$apply$1(Lorg/gradle/groovy/scripts/ScriptRunner;Ljava/lang/Object;Lorg/gradle/internal/service/CloseableServiceRegistry;)V+3
j  org.gradle.configuration.DefaultScriptPluginFactory$ScriptPluginImpl$$Lambda+0x000001c6265a0860.run()V+12
j  org.gradle.configuration.DefaultScriptTarget.addConfiguration(Ljava/lang/Runnable;Z)V+1
j  org.gradle.configuration.DefaultScriptPluginFactory$ScriptPluginImpl.apply(Ljava/lang/Object;)V+342
j  org.gradle.configuration.BuildOperationScriptPlugin$1.run(Lorg/gradle/internal/operations/BuildOperationContext;)V+11
j  org.gradle.internal.operations.DefaultBuildOperationRunner$1.execute(Lorg/gradle/internal/operations/RunnableBuildOperation;Lorg/gradle/internal/operations/BuildOperationContext;)V+2
j  org.gradle.internal.operations.DefaultBuildOperationRunner$1.execute(Lorg/gradle/internal/operations/BuildOperation;Lorg/gradle/internal/operations/BuildOperationContext;)V+6
j  org.gradle.internal.operations.DefaultBuildOperationRunner$2.execute(Lorg/gradle/internal/operations/BuildOperationDescriptor;Lorg/gradle/internal/operations/BuildOperationState;Lorg/gradle/internal/operations/BuildOperationState;Lorg/gradle/internal/operations/DefaultBuildOperationRunner$ReadableBuildOperationContext;Lorg/gradle/internal/operations/DefaultBuildOperationRunner$BuildOperationExecutionListener;)Lorg/gradle/internal/operations/BuildOperation;+22
j  org.gradle.internal.operations.DefaultBuildOperationRunner$2.execute(Lorg/gradle/internal/operations/BuildOperationDescriptor;Lorg/gradle/internal/operations/BuildOperationState;Lorg/gradle/internal/operations/BuildOperationState;Lorg/gradle/internal/operations/DefaultBuildOperationRunner$ReadableBuildOperationContext;Lorg/gradle/internal/operations/DefaultBuildOperationRunner$BuildOperationExecutionListener;)Ljava/lang/Object;+8
j  org.gradle.internal.operations.DefaultBuildOperationRunner.execute(Lorg/gradle/internal/operations/BuildOperationDescriptor$Builder;Lorg/gradle/internal/operations/DefaultBuildOperationRunner$BuildOperationExecution;)Ljava/lang/Object;+141
j  org.gradle.internal.operations.DefaultBuildOperationRunner.execute(Lorg/gradle/internal/operations/BuildOperation;Lorg/gradle/internal/operations/BuildOperationWorker;)V+17
j  org.gradle.internal.operations.DefaultBuildOperationRunner.run(Lorg/gradle/internal/operations/RunnableBuildOperation;)V+5
j  org.gradle.configuration.BuildOperationScriptPlugin.lambda$apply$0(Ljava/lang/Object;Lorg/gradle/internal/code/UserCodeApplicationId;)V+14
j  org.gradle.configuration.BuildOperationScriptPlugin$$Lambda+0x000001c62655b6b0.execute(Ljava/lang/Object;)V+12
j  org.gradle.internal.code.DefaultUserCodeApplicationContext.apply(Lorg/gradle/internal/code/UserCodeSource;Lorg/gradle/api/Action;)V+37
j  org.gradle.configuration.BuildOperationScriptPlugin.apply(Ljava/lang/Object;)V+71
j  org.gradle.configuration.DefaultInitScriptProcessor.process(Lorg/gradle/groovy/scripts/ScriptSource;Lorg/gradle/api/internal/GradleInternal;)V+123
j  org.gradle.initialization.InitScriptHandler$1.run(Lorg/gradle/internal/operations/BuildOperationContext;)V+66
j  org.gradle.internal.operations.DefaultBuildOperationRunner$1.execute(Lorg/gradle/internal/operations/RunnableBuildOperation;Lorg/gradle/internal/operations/BuildOperationContext;)V+2
j  org.gradle.internal.operations.DefaultBuildOperationRunner$1.execute(Lorg/gradle/internal/operations/BuildOperation;Lorg/gradle/internal/operations/BuildOperationContext;)V+6
j  org.gradle.internal.operations.DefaultBuildOperationRunner$2.execute(Lorg/gradle/internal/operations/BuildOperationDescriptor;Lorg/gradle/internal/operations/BuildOperationState;Lorg/gradle/internal/operations/BuildOperationState;Lorg/gradle/internal/operations/DefaultBuildOperationRunner$ReadableBuildOperationContext;Lorg/gradle/internal/operations/DefaultBuildOperationRunner$BuildOperationExecutionListener;)Lorg/gradle/internal/operations/BuildOperation;+22
j  org.gradle.internal.operations.DefaultBuildOperationRunner$2.execute(Lorg/gradle/internal/operations/BuildOperationDescriptor;Lorg/gradle/internal/operations/BuildOperationState;Lorg/gradle/internal/operations/BuildOperationState;Lorg/gradle/internal/operations/DefaultBuildOperationRunner$ReadableBuildOperationContext;Lorg/gradle/internal/operations/DefaultBuildOperationRunner$BuildOperationExecutionListener;)Ljava/lang/Object;+8
j  org.gradle.internal.operations.DefaultBuildOperationRunner.execute(Lorg/gradle/internal/operations/BuildOperationDescriptor$Builder;Lorg/gradle/internal/operations/DefaultBuildOperationRunner$BuildOperationExecution;)Ljava/lang/Object;+141
j  org.gradle.internal.operations.DefaultBuildOperationRunner.execute(Lorg/gradle/internal/operations/BuildOperation;Lorg/gradle/internal/operations/BuildOperationWorker;)V+17
j  org.gradle.internal.operations.DefaultBuildOperationRunner.run(Lorg/gradle/internal/operations/RunnableBuildOperation;)V+5
j  org.gradle.initialization.InitScriptHandler.executeScripts(Lorg/gradle/api/internal/GradleInternal;)V+34
j  org.gradle.initialization.InitScriptHandlingSettingsLoader.findAndLoadSettings(Lorg/gradle/api/internal/GradleInternal;)Lorg/gradle/initialization/SettingsState;+5
j  org.gradle.api.internal.initialization.CacheConfigurationsHandlingSettingsLoader.findAndLoadSettings(Lorg/gradle/api/internal/GradleInternal;)Lorg/gradle/initialization/SettingsState;+15
j  org.gradle.initialization.DaemonJvmToolchainsValidatingSettingsLoader.findAndLoadSettings(Lorg/gradle/api/internal/GradleInternal;)Lorg/gradle/initialization/SettingsState;+14
j  org.gradle.initialization.GradlePropertiesHandlingSettingsLoader.findAndLoadSettings(Lorg/gradle/api/internal/GradleInternal;)Lorg/gradle/initialization/SettingsState;+49
j  org.gradle.initialization.DefaultSettingsPreparer.prepareSettings(Lorg/gradle/api/internal/GradleInternal;)V+33
j  org.gradle.initialization.BuildOperationFiringSettingsPreparer$LoadBuild.doLoadBuild()V+11
j  org.gradle.initialization.BuildOperationFiringSettingsPreparer$LoadBuild.run(Lorg/gradle/internal/operations/BuildOperationContext;)V+1
j  org.gradle.internal.operations.DefaultBuildOperationRunner$1.execute(Lorg/gradle/internal/operations/RunnableBuildOperation;Lorg/gradle/internal/operations/BuildOperationContext;)V+2
j  org.gradle.internal.operations.DefaultBuildOperationRunner$1.execute(Lorg/gradle/internal/operations/BuildOperation;Lorg/gradle/internal/operations/BuildOperationContext;)V+6
j  org.gradle.internal.operations.DefaultBuildOperationRunner$2.execute(Lorg/gradle/internal/operations/BuildOperationDescriptor;Lorg/gradle/internal/operations/BuildOperationState;Lorg/gradle/internal/operations/BuildOperationState;Lorg/gradle/internal/operations/DefaultBuildOperationRunner$ReadableBuildOperationContext;Lorg/gradle/internal/operations/DefaultBuildOperationRunner$BuildOperationExecutionListener;)Lorg/gradle/internal/operations/BuildOperation;+22
j  org.gradle.internal.operations.DefaultBuildOperationRunner$2.execute(Lorg/gradle/internal/operations/BuildOperationDescriptor;Lorg/gradle/internal/operations/BuildOperationState;Lorg/gradle/internal/operations/BuildOperationState;Lorg/gradle/internal/operations/DefaultBuildOperationRunner$ReadableBuildOperationContext;Lorg/gradle/internal/operations/DefaultBuildOperationRunner$BuildOperationExecutionListener;)Ljava/lang/Object;+8
j  org.gradle.internal.operations.DefaultBuildOperationRunner.execute(Lorg/gradle/internal/operations/BuildOperationDescriptor$Builder;Lorg/gradle/internal/operations/DefaultBuildOperationRunner$BuildOperationExecution;)Ljava/lang/Object;+141
j  org.gradle.internal.operations.DefaultBuildOperationRunner.execute(Lorg/gradle/internal/operations/BuildOperation;Lorg/gradle/internal/operations/BuildOperationWorker;)V+17
j  org.gradle.internal.operations.DefaultBuildOperationRunner.run(Lorg/gradle/internal/operations/RunnableBuildOperation;)V+5
j  org.gradle.initialization.BuildOperationFiringSettingsPreparer.prepareSettings(Lorg/gradle/api/internal/GradleInternal;)V+31
j  org.gradle.initialization.VintageBuildModelController.lambda$prepareSettings$1()V+8
j  org.gradle.initialization.VintageBuildModelController$$Lambda+0x000001c626459450.run()V+4
j  org.gradle.internal.model.StateTransitionController.lambda$doTransition$15(Ljava/lang/Runnable;)Lorg/gradle/internal/build/ExecutionResult;+1
j  org.gradle.internal.model.StateTransitionController$$Lambda+0x000001c626459228.get()Ljava/lang/Object;+4
j  org.gradle.internal.model.StateTransitionController.doTransition(Lorg/gradle/internal/model/StateTransitionController$State;Lorg/gradle/internal/model/StateTransitionController$State;Ljava/util/function/Supplier;)Lorg/gradle/internal/build/ExecutionResult;+24
j  org.gradle.internal.model.StateTransitionController.doTransition(Lorg/gradle/internal/model/StateTransitionController$State;Lorg/gradle/internal/model/StateTransitionController$State;Ljava/lang/Runnable;)V+9
j  org.gradle.internal.model.StateTransitionController.lambda$transitionIfNotPreviously$12(Lorg/gradle/internal/model/StateTransitionController$State;Lorg/gradle/internal/model/StateTransitionController$State;Ljava/lang/Runnable;)V+16
j  org.gradle.internal.model.StateTransitionController$$Lambda+0x000001c626459678.run()V+16
j  org.gradle.internal.work.DefaultSynchronizer.withLock(Ljava/lang/Runnable;)V+6
j  org.gradle.internal.model.StateTransitionController.transitionIfNotPreviously(Lorg/gradle/internal/model/StateTransitionController$State;Lorg/gradle/internal/model/StateTransitionController$State;Ljava/lang/Runnable;)V+13
j  org.gradle.initialization.VintageBuildModelController.prepareSettings()V+16
j  org.gradle.initialization.VintageBuildModelController.prepareToScheduleTasks()V+1
j  org.gradle.internal.build.DefaultBuildLifecycleController.lambda$prepareToScheduleTasks$7()V+9
j  org.gradle.internal.build.DefaultBuildLifecycleController$$Lambda+0x000001c62645fd70.run()V+4
j  org.gradle.internal.model.StateTransitionController.lambda$doTransition$15(Ljava/lang/Runnable;)Lorg/gradle/internal/build/ExecutionResult;+1
j  org.gradle.internal.model.StateTransitionController$$Lambda+0x000001c626459228.get()Ljava/lang/Object;+4
j  org.gradle.internal.model.StateTransitionController.doTransition(Lorg/gradle/internal/model/StateTransitionController$State;Lorg/gradle/internal/model/StateTransitionController$State;Ljava/util/function/Supplier;)Lorg/gradle/internal/build/ExecutionResult;+24
j  org.gradle.internal.model.StateTransitionController.doTransition(Lorg/gradle/internal/model/StateTransitionController$State;Lorg/gradle/internal/model/StateTransitionController$State;Ljava/lang/Runnable;)V+9
j  org.gradle.internal.model.StateTransitionController.lambda$maybeTransition$10(Lorg/gradle/internal/model/StateTransitionController$State;Lorg/gradle/internal/model/StateTransitionController$State;Ljava/lang/Runnable;)V+16
j  org.gradle.internal.model.StateTransitionController$$Lambda+0x000001c626459000.run()V+16
j  org.gradle.internal.work.DefaultSynchronizer.withLock(Ljava/lang/Runnable;)V+6
j  org.gradle.internal.model.StateTransitionController.maybeTransition(Lorg/gradle/internal/model/StateTransitionController$State;Lorg/gradle/internal/model/StateTransitionController$State;Ljava/lang/Runnable;)V+13
j  org.gradle.internal.build.DefaultBuildLifecycleController.prepareToScheduleTasks()V+16
j  org.gradle.internal.buildtree.DefaultBuildTreeWorkPreparer.scheduleRequestedTasks(Lorg/gradle/internal/buildtree/BuildTreeWorkGraph;Lorg/gradle/execution/EntryTaskSelector;)Lorg/gradle/internal/buildtree/BuildTreeWorkGraph$FinalizedGraph;+4
j  org.gradle.internal.cc.impl.barrier.BarrierAwareBuildTreeWorkPreparer.scheduleRequestedTasks$lambda$0(Lorg/gradle/internal/cc/impl/barrier/BarrierAwareBuildTreeWorkPreparer;Lorg/gradle/internal/buildtree/BuildTreeWorkGraph;Lorg/gradle/execution/EntryTaskSelector;)Lorg/gradle/internal/buildtree/BuildTreeWorkGraph$FinalizedGraph;+6
j  org.gradle.internal.cc.impl.barrier.BarrierAwareBuildTreeWorkPreparer$$Lambda+0x000001c62645ab90.invoke()Ljava/lang/Object;+12
j  org.gradle.internal.cc.impl.barrier.VintageConfigurationTimeActionRunner.runConfigurationTimeAction(Lkotlin/jvm/functions/Function0;)Ljava/lang/Object;+25
j  org.gradle.internal.cc.impl.barrier.BarrierAwareBuildTreeWorkPreparer.scheduleRequestedTasks(Lorg/gradle/internal/buildtree/BuildTreeWorkGraph;Lorg/gradle/execution/EntryTaskSelector;)Lorg/gradle/internal/buildtree/BuildTreeWorkGraph$FinalizedGraph;+18
j  org.gradle.internal.cc.impl.VintageBuildTreeWorkController$scheduleAndRunRequestedTasks$1$finalizedGraph$1.call()Lorg/gradle/internal/buildtree/BuildTreeWorkGraph$FinalizedGraph;+15
j  org.gradle.internal.cc.impl.VintageBuildTreeWorkController$scheduleAndRunRequestedTasks$1$finalizedGraph$1.call()Ljava/lang/Object;+1
j  org.gradle.internal.Try.ofFailable(Ljava/util/concurrent/Callable;)Lorg/gradle/internal/Try;+1
j  org.gradle.internal.cc.impl.VintageBuildTreeWorkController$scheduleAndRunRequestedTasks$1.apply(Lorg/gradle/internal/buildtree/BuildTreeWorkGraph;)Lorg/gradle/internal/buildtree/BuildTreeWorkController$TaskRunResult;+25
j  org.gradle.internal.cc.impl.VintageBuildTreeWorkController$scheduleAndRunRequestedTasks$1.apply(Ljava/lang/Object;)Ljava/lang/Object;+5
j  org.gradle.composite.internal.DefaultIncludedBuildTaskGraph.withNewWorkGraph(Ljava/util/function/Function;)Ljava/lang/Object;+30
j  org.gradle.internal.cc.impl.VintageBuildTreeWorkController.scheduleAndRunRequestedTasks(Lorg/gradle/execution/EntryTaskSelector;)Lorg/gradle/internal/buildtree/BuildTreeWorkController$TaskRunResult;+16
j  org.gradle.internal.buildtree.DefaultBuildTreeLifecycleController.lambda$scheduleAndRunTasks$1(Lorg/gradle/execution/EntryTaskSelector;)Lorg/gradle/internal/build/ExecutionResult;+5
j  org.gradle.internal.buildtree.DefaultBuildTreeLifecycleController$$Lambda+0x000001c62645e2e8.get()Ljava/lang/Object;+8
j  org.gradle.internal.buildtree.DefaultBuildTreeLifecycleController.lambda$runBuild$5(Ljava/util/function/Supplier;)Ljava/lang/Object;+1
j  org.gradle.internal.buildtree.DefaultBuildTreeLifecycleController$$Lambda+0x000001c62645e510.get()Ljava/lang/Object;+8
j  org.gradle.internal.model.StateTransitionController.lambda$transition$7(Ljava/util/function/Supplier;)Lorg/gradle/internal/build/ExecutionResult;+1
j  org.gradle.internal.model.StateTransitionController$$Lambda+0x000001c62645e960.get()Ljava/lang/Object;+4
j  org.gradle.internal.model.StateTransitionController.doTransition(Lorg/gradle/internal/model/StateTransitionController$State;Lorg/gradle/internal/model/StateTransitionController$State;Ljava/util/function/Supplier;)Lorg/gradle/internal/build/ExecutionResult;+24
j  org.gradle.internal.model.StateTransitionController.lambda$transition$8(Lorg/gradle/internal/model/StateTransitionController$State;Lorg/gradle/internal/model/StateTransitionController$State;Ljava/util/function/Supplier;)Ljava/lang/Object;+9
j  org.gradle.internal.model.StateTransitionController$$Lambda+0x000001c62645e738.create()Ljava/lang/Object;+16
j  org.gradle.internal.work.DefaultSynchronizer.withLock(Lorg/gradle/internal/Factory;)Ljava/lang/Object;+6
j  org.gradle.internal.model.StateTransitionController.transition(Lorg/gradle/internal/model/StateTransitionController$State;Lorg/gradle/internal/model/StateTransitionController$State;Ljava/util/function/Supplier;)Ljava/lang/Object;+13
j  org.gradle.internal.buildtree.DefaultBuildTreeLifecycleController.runBuild(Ljava/util/function/Supplier;)Ljava/lang/Object;+17
j  org.gradle.internal.buildtree.DefaultBuildTreeLifecycleController.scheduleAndRunTasks(Lorg/gradle/execution/EntryTaskSelector;)V+8
j  org.gradle.internal.buildtree.DefaultBuildTreeLifecycleController.scheduleAndRunTasks()V+2
j  org.gradle.tooling.internal.provider.runner.BuildModelActionRunner.run(Lorg/gradle/internal/invocation/BuildAction;Lorg/gradle/internal/buildtree/BuildTreeLifecycleController;)Lorg/gradle/internal/buildtree/BuildActionRunner$Result;+71
j  org.gradle.launcher.exec.ChainingBuildActionRunner.run(Lorg/gradle/internal/invocation/BuildAction;Lorg/gradle/internal/buildtree/BuildTreeLifecycleController;)Lorg/gradle/internal/buildtree/BuildActionRunner$Result;+34
j  org.gradle.internal.buildtree.ProblemReportingBuildActionRunner.run(Lorg/gradle/internal/invocation/BuildAction;Lorg/gradle/internal/buildtree/BuildTreeLifecycleController;)Lorg/gradle/internal/buildtree/BuildActionRunner$Result;+12
j  org.gradle.launcher.exec.BuildOutcomeReportingBuildActionRunner.run(Lorg/gradle/internal/invocation/BuildAction;Lorg/gradle/internal/buildtree/BuildTreeLifecycleController;)Lorg/gradle/internal/buildtree/BuildActionRunner$Result;+69
j  org.gradle.tooling.internal.provider.FileSystemWatchingBuildActionRunner.run(Lorg/gradle/internal/invocation/BuildAction;Lorg/gradle/internal/buildtree/BuildTreeLifecycleController;)Lorg/gradle/internal/buildtree/BuildActionRunner$Result;+317
j  org.gradle.launcher.exec.BuildCompletionNotifyingBuildActionRunner.run(Lorg/gradle/internal/invocation/BuildAction;Lorg/gradle/internal/buildtree/BuildTreeLifecycleController;)Lorg/gradle/internal/buildtree/BuildActionRunner$Result;+6
j  org.gradle.launcher.exec.RootBuildLifecycleBuildActionExecutor.lambda$execute$0(Lorg/gradle/internal/invocation/BuildAction;Lorg/gradle/internal/buildtree/BuildTreeLifecycleController;)Lorg/gradle/internal/buildtree/BuildActionRunner$Result;+6
j  org.gradle.launcher.exec.RootBuildLifecycleBuildActionExecutor$$Lambda+0x000001c626446eb0.apply(Ljava/lang/Object;)Ljava/lang/Object;+12
j  org.gradle.composite.internal.DefaultRootBuildState.run(Ljava/util/function/Function;)Ljava/lang/Object;+92
j  org.gradle.launcher.exec.RootBuildLifecycleBuildActionExecutor.execute(Lorg/gradle/internal/invocation/BuildAction;)Lorg/gradle/internal/buildtree/BuildActionRunner$Result;+91
j  org.gradle.launcher.exec.BuildTreeLifecycleBuildActionExecutor.runRootBuildAction(Lorg/gradle/internal/invocation/BuildAction;Lorg/gradle/internal/service/ServiceRegistry;Lorg/gradle/internal/buildtree/BuildActionModelRequirements;Lorg/gradle/internal/buildtree/BuildModelParameters;)Lorg/gradle/internal/buildtree/BuildActionRunner$Result;+42
j  org.gradle.launcher.exec.BuildTreeLifecycleBuildActionExecutor.execute(Lorg/gradle/internal/invocation/BuildAction;Lorg/gradle/internal/session/BuildSessionContext;)Lorg/gradle/internal/buildtree/BuildActionRunner$Result;+50
j  org.gradle.launcher.exec.RunAsBuildOperationBuildActionExecutor$2.call(Lorg/gradle/internal/operations/BuildOperationContext;)Lorg/gradle/internal/buildtree/BuildActionRunner$Result;+25
j  org.gradle.launcher.exec.RunAsBuildOperationBuildActionExecutor$2.call(Lorg/gradle/internal/operations/BuildOperationContext;)Ljava/lang/Object;+2
j  org.gradle.internal.operations.DefaultBuildOperationRunner$CallableBuildOperationWorker.execute(Lorg/gradle/internal/operations/CallableBuildOperation;Lorg/gradle/internal/operations/BuildOperationContext;)V+3
j  org.gradle.internal.operations.DefaultBuildOperationRunner$CallableBuildOperationWorker.execute(Lorg/gradle/internal/operations/BuildOperation;Lorg/gradle/internal/operations/BuildOperationContext;)V+6
j  org.gradle.internal.operations.DefaultBuildOperationRunner$2.execute(Lorg/gradle/internal/operations/BuildOperationDescriptor;Lorg/gradle/internal/operations/BuildOperationState;Lorg/gradle/internal/operations/BuildOperationState;Lorg/gradle/internal/operations/DefaultBuildOperationRunner$ReadableBuildOperationContext;Lorg/gradle/internal/operations/DefaultBuildOperationRunner$BuildOperationExecutionListener;)Lorg/gradle/internal/operations/BuildOperation;+22
j  org.gradle.internal.operations.DefaultBuildOperationRunner$2.execute(Lorg/gradle/internal/operations/BuildOperationDescriptor;Lorg/gradle/internal/operations/BuildOperationState;Lorg/gradle/internal/operations/BuildOperationState;Lorg/gradle/internal/operations/DefaultBuildOperationRunner$ReadableBuildOperationContext;Lorg/gradle/internal/operations/DefaultBuildOperationRunner$BuildOperationExecutionListener;)Ljava/lang/Object;+8
j  org.gradle.internal.operations.DefaultBuildOperationRunner.execute(Lorg/gradle/internal/operations/BuildOperationDescriptor$Builder;Lorg/gradle/internal/operations/DefaultBuildOperationRunner$BuildOperationExecution;)Ljava/lang/Object;+141
j  org.gradle.internal.operations.DefaultBuildOperationRunner.execute(Lorg/gradle/internal/operations/BuildOperation;Lorg/gradle/internal/operations/BuildOperationWorker;)V+17
j  org.gradle.internal.operations.DefaultBuildOperationRunner.call(Lorg/gradle/internal/operations/CallableBuildOperation;)Ljava/lang/Object;+12
j  org.gradle.launcher.exec.RunAsBuildOperationBuildActionExecutor.execute(Lorg/gradle/internal/invocation/BuildAction;Lorg/gradle/internal/session/BuildSessionContext;)Lorg/gradle/internal/buildtree/BuildActionRunner$Result;+23
j  org.gradle.launcher.exec.RunAsWorkerThreadBuildActionExecutor.lambda$execute$0(Lorg/gradle/internal/invocation/BuildAction;Lorg/gradle/internal/session/BuildSessionContext;)Lorg/gradle/internal/buildtree/BuildActionRunner$Result;+6
j  org.gradle.launcher.exec.RunAsWorkerThreadBuildActionExecutor$$Lambda+0x000001c626287250.create()Ljava/lang/Object;+12
j  org.gradle.internal.work.DefaultWorkerLeaseService.lambda$withLocksAcquired$0(Lorg/gradle/internal/Factory;Ljava/util/Collection;)Ljava/lang/Object;+1
j  org.gradle.internal.work.DefaultWorkerLeaseService$$Lambda+0x000001c626288f78.create()Ljava/lang/Object;+12
j  org.gradle.internal.work.ResourceLockStatistics$1.measure(Ljava/lang/String;Ljava/lang/Iterable;Lorg/gradle/internal/Factory;)Ljava/lang/Object;+1
j  org.gradle.internal.work.DefaultWorkerLeaseService.withLocksAcquired(Ljava/util/Collection;Lorg/gradle/internal/Factory;)Ljava/lang/Object;+21
j  org.gradle.internal.work.DefaultWorkerLeaseService.withLocks(Ljava/util/Collection;Lorg/gradle/internal/Factory;)Ljava/lang/Object;+25
j  org.gradle.internal.work.DefaultWorkerLeaseService.runAsWorkerThread(Lorg/gradle/internal/Factory;)Ljava/lang/Object;+33
j  org.gradle.launcher.exec.RunAsWorkerThreadBuildActionExecutor.execute(Lorg/gradle/internal/invocation/BuildAction;Lorg/gradle/internal/session/BuildSessionContext;)Lorg/gradle/internal/buildtree/BuildActionRunner$Result;+12
j  org.gradle.tooling.internal.provider.continuous.ContinuousBuildActionExecutor.execute(Lorg/gradle/internal/invocation/BuildAction;Lorg/gradle/internal/session/BuildSessionContext;)Lorg/gradle/internal/buildtree/BuildActionRunner$Result;+58
j  org.gradle.tooling.internal.provider.SubscribableBuildActionExecutor.execute(Lorg/gradle/internal/invocation/BuildAction;Lorg/gradle/internal/session/BuildSessionContext;)Lorg/gradle/internal/buildtree/BuildActionRunner$Result;+30
j  org.gradle.internal.session.DefaultBuildSessionContext.execute(Lorg/gradle/internal/invocation/BuildAction;)Lorg/gradle/internal/buildtree/BuildActionRunner$Result;+64
j  org.gradle.internal.buildprocess.execution.BuildSessionLifecycleBuildActionExecutor$ActionImpl.apply(Lorg/gradle/internal/session/BuildSessionContext;)Lorg/gradle/launcher/exec/BuildActionResult;+6
j  org.gradle.internal.buildprocess.execution.BuildSessionLifecycleBuildActionExecutor$ActionImpl.apply(Ljava/lang/Object;)Ljava/lang/Object;+5
j  org.gradle.internal.session.BuildSessionState.run(Ljava/util/function/Function;)Ljava/lang/Object;+5
j  org.gradle.internal.buildprocess.execution.BuildSessionLifecycleBuildActionExecutor.execute(Lorg/gradle/internal/invocation/BuildAction;Lorg/gradle/launcher/exec/BuildActionParameters;Lorg/gradle/initialization/BuildRequestContext;)Lorg/gradle/launcher/exec/BuildActionResult;+105
j  org.gradle.internal.buildprocess.execution.BuildSessionLifecycleBuildActionExecutor.execute(Lorg/gradle/internal/invocation/BuildAction;Ljava/lang/Object;Ljava/lang/Object;)Lorg/gradle/launcher/exec/BuildActionResult;+10
j  org.gradle.internal.buildprocess.execution.StartParamsValidatingActionExecutor.execute(Lorg/gradle/internal/invocation/BuildAction;Lorg/gradle/launcher/exec/BuildActionParameters;Lorg/gradle/initialization/BuildRequestContext;)Lorg/gradle/launcher/exec/BuildActionResult;+142
j  org.gradle.internal.buildprocess.execution.StartParamsValidatingActionExecutor.execute(Lorg/gradle/internal/invocation/BuildAction;Ljava/lang/Object;Ljava/lang/Object;)Lorg/gradle/launcher/exec/BuildActionResult;+10
j  org.gradle.internal.buildprocess.execution.SessionFailureReportingActionExecutor.execute(Lorg/gradle/internal/invocation/BuildAction;Lorg/gradle/launcher/exec/BuildActionParameters;Lorg/gradle/initialization/BuildRequestContext;)Lorg/gradle/launcher/exec/BuildActionResult;+7
j  org.gradle.internal.buildprocess.execution.SessionFailureReportingActionExecutor.execute(Lorg/gradle/internal/invocation/BuildAction;Ljava/lang/Object;Ljava/lang/Object;)Lorg/gradle/launcher/exec/BuildActionResult;+10
j  org.gradle.internal.buildprocess.execution.SetupLoggingActionExecutor.execute(Lorg/gradle/internal/invocation/BuildAction;Lorg/gradle/launcher/exec/BuildActionParameters;Lorg/gradle/initialization/BuildRequestContext;)Lorg/gradle/launcher/exec/BuildActionResult;+50
j  org.gradle.internal.buildprocess.execution.SetupLoggingActionExecutor.execute(Lorg/gradle/internal/invocation/BuildAction;Ljava/lang/Object;Ljava/lang/Object;)Lorg/gradle/launcher/exec/BuildActionResult;+10
j  org.gradle.launcher.daemon.server.exec.ExecuteBuild.doBuild(Lorg/gradle/launcher/daemon/server/api/DaemonCommandExecution;Lorg/gradle/launcher/daemon/protocol/Build;)V+147
j  org.gradle.launcher.daemon.server.exec.BuildCommandOnly.execute(Lorg/gradle/launcher/daemon/server/api/DaemonCommandExecution;)V+49
j  org.gradle.launcher.daemon.server.api.DaemonCommandExecution.proceed()Z+23
j  org.gradle.launcher.daemon.server.exec.WatchForDisconnection.execute(Lorg/gradle/launcher/daemon/server/api/DaemonCommandExecution;)V+19
j  org.gradle.launcher.daemon.server.api.DaemonCommandExecution.proceed()Z+23
j  org.gradle.launcher.daemon.server.exec.ResetDeprecationLogger.execute(Lorg/gradle/launcher/daemon/server/api/DaemonCommandExecution;)V+7
j  org.gradle.launcher.daemon.server.api.DaemonCommandExecution.proceed()Z+23
j  org.gradle.launcher.daemon.server.exec.RequestStopIfSingleUsedDaemon.execute(Lorg/gradle/launcher/daemon/server/api/DaemonCommandExecution;)V+33
j  org.gradle.launcher.daemon.server.api.DaemonCommandExecution.proceed()Z+23
j  org.gradle.launcher.daemon.server.exec.ForwardClientInput.lambda$execute$0(Lorg/gradle/launcher/daemon/server/api/DaemonCommandExecution;Lorg/gradle/internal/daemon/clientinput/StdinHandler;)Ljava/lang/Object;+11
j  org.gradle.launcher.daemon.server.exec.ForwardClientInput$$Lambda+0x000001c6261934a0.apply(Ljava/lang/Object;)Ljava/lang/Object;+8
j  org.gradle.internal.daemon.clientinput.ClientInputForwarder.forwardInput(Ljava/util/function/Function;)Ljava/lang/Object;+46
j  org.gradle.launcher.daemon.server.exec.ForwardClientInput.execute(Lorg/gradle/launcher/daemon/server/api/DaemonCommandExecution;)V+10
j  org.gradle.launcher.daemon.server.api.DaemonCommandExecution.proceed()Z+23
j  org.gradle.launcher.daemon.server.exec.LogAndCheckHealth.execute(Lorg/gradle/launcher/daemon/server/api/DaemonCommandExecution;)V+51
j  org.gradle.launcher.daemon.server.api.DaemonCommandExecution.proceed()Z+23
j  org.gradle.launcher.daemon.server.exec.LogToClient.doBuild(Lorg/gradle/launcher/daemon/server/api/DaemonCommandExecution;Lorg/gradle/launcher/daemon/protocol/Build;)V+87
j  org.gradle.launcher.daemon.server.exec.BuildCommandOnly.execute(Lorg/gradle/launcher/daemon/server/api/DaemonCommandExecution;)V+49
j  org.gradle.launcher.daemon.server.api.DaemonCommandExecution.proceed()Z+23
j  org.gradle.launcher.daemon.server.exec.EstablishBuildEnvironment.doBuild(Lorg/gradle/launcher/daemon/server/api/DaemonCommandExecution;Lorg/gradle/launcher/daemon/protocol/Build;)V+356
j  org.gradle.launcher.daemon.server.exec.BuildCommandOnly.execute(Lorg/gradle/launcher/daemon/server/api/DaemonCommandExecution;)V+49
j  org.gradle.launcher.daemon.server.api.DaemonCommandExecution.proceed()Z+23
j  org.gradle.launcher.daemon.server.exec.StartBuildOrRespondWithBusy$1.run()V+44
j  org.gradle.launcher.daemon.server.DaemonStateCoordinator.lambda$runCommand$0(Ljava/lang/Runnable;)V+1
j  org.gradle.launcher.daemon.server.DaemonStateCoordinator$$Lambda+0x000001c626192030.run()V+8
j  org.gradle.internal.concurrent.ExecutorPolicy$CatchAndRecordFailures.onExecute(Ljava/lang/Runnable;)V+1
j  org.gradle.internal.concurrent.AbstractManagedExecutor$1.run()V+25
j  java.util.concurrent.ThreadPoolExecutor.runWorker(Ljava/util/concurrent/ThreadPoolExecutor$Worker;)V+92 java.base@21.0.10
j  java.util.concurrent.ThreadPoolExecutor$Worker.run()V+5 java.base@21.0.10
j  java.lang.Thread.runWith(Ljava/lang/Object;Ljava/lang/Runnable;)V+5 java.base@21.0.10
j  java.lang.Thread.run()V+19 java.base@21.0.10
v  ~StubRoutines::call_stub 0x000001c618d410e7
method entry point (kind = zerolocals)  [0x000001c618d4ba40, 0x000001c618d4be08]  968 bytes
[MachCode]
  0x000001c618d4ba40: 488b 5308 | 0fb7 4a2e | 0fb7 522c | 2bd1 81fa | f501 0000 | 0f86 2500 | 0000 488b | c248 c1e0 
  0x000001c618d4ba60: 0348 83c0 | 5849 0387 | d004 0000 | 483b e00f | 870a 0000 | 0058 498b | e550 e901 | acff ff58 
  0x000001c618d4ba80: 4c8d 74cc | f885 d20f | 8e09 0000 | 0068 0000 | 0000 ffca | 7ff7 5055 | 488b ec41 | 5568 0000 
  0x000001c618d4baa0: 0000 4c8b | 6b08 4d8d | 6d38 5348 | 8b53 0848 | 8b52 0848 | 8b52 1848 | 8b52 7048 | 8b12 5248 
  0x000001c618d4bac0: 8b53 1048 | 85d2 0f84 | 0700 0000 | 4881 c208 | 0100 0052 | 488b 5308 | 488b 5208 | 488b 5210 
  0x000001c618d4bae0: 5249 8bc6 | 482b c548 | c1e8 0350 | 4155 6800 | 0000 0048 | 8924 2441 | c687 7904 | 0000 0148 
  0x000001c618d4bb00: 8b45 d848 | 85c0 0f84 | 9100 0000 | 8b48 fc85 | c90f 8886 | 0000 0048 | 03c1 488b | 4808 4883 
  0x000001c618d4bb20: e902 488b | 54c8 1048 | f7da 498b | 14d6 4885 | d275 10f6 | 44c8 1801 | 755d f048 | 834c c818 
  0x000001c618d4bb40: 01eb 548b | 5208 49ba | 0000 0025 | c601 0000 | 4903 d24c | 8bd2 4833 | 54c8 1848 | f7c2 fcff 
  0x000001c618d4bb60: ffff 7433 | f6c2 0275 | 2e48 837c | c818 0074 | 2148 837c | c818 0174 | 1949 8bd2 | 4833 54c8 
  0x000001c618d4bb80: 1848 f7c2 | fcff ffff | 740d 4883 | 4cc8 1802 | eb05 4889 | 54c8 1848 | 83e9 0279 | 8548 8b43 
  0x000001c618d4bba0: 1048 85c0 | 7420 8b88 | cc00 0000 | 83c1 0289 | 88cc 0000 | 0023 88e0 | 0000 000f | 8496 0100 
  0x000001c618d4bbc0: 00e9 cf00 | 0000 488b | 4318 4885 | c00f 85b0 | 0000 00e8 | 0500 0000 | e999 0000 | 0048 8bd3 
  0x000001c618d4bbe0: 488d 4424 | 084c 896d | c049 8bcf | c5f8 7749 | 89af b003 | 0000 4989 | 87a0 0300 | 0048 83ec 
  0x000001c618d4bc00: 2040 f6c4 | 0f0f 8419 | 0000 0048 | 83ec 0848 | b890 d66e | 39fa 7f00 | 00ff d048 | 83c4 08e9 
  0x000001c618d4bc20: 0c00 0000 | 48b8 90d6 | 6e39 fa7f | 0000 ffd0 | 4883 c420 | 49c7 87a0 | 0300 0000 | 0000 0049 
  0x000001c618d4bc40: c787 b003 | 0000 0000 | 0000 49c7 | 87a8 0300 | 0000 0000 | 00c5 f877 | 4983 7f08 | 000f 8405 
  0x000001c618d4bc60: 0000 00e9 | 9852 ffff | 4c8b 6dc0 | 4c8b 75c8 | 4e8d 74f5 | 00c3 488b | 4318 4885 | c00f 8412 
  0x000001c618d4bc80: 0000 008b | 4808 83c1 | 0289 4808 | 2348 1c0f | 84c2 0000 | 0049 3ba7 | e804 0000 | 0f87 4800 
  0x000001c618d4bca0: 0000 8984 | 2400 f0ff | ff89 8424 | 00e0 ffff | 8984 2400 | d0ff ff89 | 8424 00c0 | ffff 8984 
  0x000001c618d4bcc0: 2400 b0ff | ff89 8424 | 00a0 ffff | 8984 2400 | 90ff ff89 | 8424 0080 | ffff 493b | a7e0 0400 
  0x000001c618d4bce0: 0076 0749 | 89a7 e804 | 0000 41c6 | 8779 0400 | 0000 49ba | c65c fb39 | fa7f 0000 | 4180 3a00 
  0x000001c618d4bd00: 0f84 3e00 | 0000 488b | 55e8 498b | cf48 83ec | 2040 f6c4 | 0f0f 8419 | 0000 0048 | 83ec 0848 
  0x000001c618d4bd20: b850 e1a4 | 39fa 7f00 | 00ff d048 | 83c4 08e9 | 0c00 0000 | 48b8 50e1 | a439 fa7f | 0000 ffd0 
  0x000001c618d4bd40: 4883 c420 | 410f b65d | 0049 ba10 | 2dfe 39fa | 7f00 0041 | ff24 daba | 0000 0000 | e805 0000 
  0x000001c618d4bd60: 00e9 9600 | 0000 488d | 4424 084c | 896d c049 | 8bcf c5f8 | 7749 89af | b003 0000 | 4989 87a0 
  0x000001c618d4bd80: 0300 0048 | 83ec 2040 | f6c4 0f0f | 8419 0000 | 0048 83ec | 0848 b850 | e16e 39fa | 7f00 00ff 
  0x000001c618d4bda0: d048 83c4 | 08e9 0c00 | 0000 48b8 | 50e1 6e39 | fa7f 0000 | ffd0 4883 | c420 49c7 | 87a0 0300 
  0x000001c618d4bdc0: 0000 0000 | 0049 c787 | b003 0000 | 0000 0000 | 49c7 87a8 | 0300 0000 | 0000 00c5 | f877 4983 
  0x000001c618d4bde0: 7f08 000f | 8405 0000 | 00e9 1251 | ffff 4c8b | 6dc0 4c8b | 75c8 4e8d | 74f5 00c3 | 488b 5de8 
  0x000001c618d4be00: e990 feff | ff66 6690 
[/MachCode]

Compiled method (c1) 3202 3516       3       java.lang.invoke.DirectMethodHandle$Holder::newInvokeSpecial (20 bytes)
 total in heap  [0x000001c611fe0190,0x000001c611fe0ba0] = 2576
 relocation     [0x000001c611fe02f0,0x000001c611fe0380] = 144
 main code      [0x000001c611fe0380,0x000001c611fe09e0] = 1632
 stub code      [0x000001c611fe09e0,0x000001c611fe0a40] = 96
 metadata       [0x000001c611fe0a40,0x000001c611fe0a58] = 24
 scopes data    [0x000001c611fe0a58,0x000001c611fe0ad0] = 120
 scopes pcs     [0x000001c611fe0ad0,0x000001c611fe0b80] = 176
 dependencies   [0x000001c611fe0b80,0x000001c611fe0b88] = 8
 nul chk table  [0x000001c611fe0b88,0x000001c611fe0ba0] = 24

[Constant Pool (empty)]

[MachCode]
[Verified Entry Point]
  # {method} {0x000001c6250b3fa8} 'newInvokeSpecial' '(Ljava/lang/Object;)Ljava/lang/Object;' in 'java/lang/invoke/DirectMethodHandle$Holder'
  # parm0:    rdx:rdx   = 'java/lang/Object'
  #           [sp+0x60]  (sp of caller)
  0x000001c611fe0380: 8984 2400 | 80ff ff55 | 4883 ec50 | 4181 7f20 | 0300 0000 

  0x000001c611fe0394: ;   {runtime_call StubRoutines (final stubs)}
  0x000001c611fe0394: 7405 e805 

  0x000001c611fe0398: ;   {metadata(method data for {method} {0x000001c6250b3fa8} 'newInvokeSpecial' '(Ljava/lang/Object;)Ljava/lang/Object;' in 'java/lang/invoke/DirectMethodHandle$Holder')}
  0x000001c611fe0398: 7fd9 0649 | b878 efdf | 3ac6 0100 | 004d 8d80 | 3802 0000 | 4885 d275 | 0d41 f600 | 0175 4df0 
  0x000001c611fe03b8: 4983 0801 | eb46 8b72 | 0849 ba00 | 0000 25c6 | 0100 0049 | 03f2 4c8b | d649 3330 | 48f7 c6fc 
  0x000001c611fe03d8: ffff ff74 | 2740 f6c6 | 0275 2149 | f700 feff | ffff 7415 | 498b f249 | 3330 48f7 | c6fc ffff 
  0x000001c611fe03f8: ff74 0949 | 8308 02eb | 0349 8930 

  0x000001c611fe0404: ;   {metadata(method data for {method} {0x000001c6250b3fa8} 'newInvokeSpecial' '(Ljava/lang/Object;)Ljava/lang/Object;' in 'java/lang/invoke/DirectMethodHandle$Holder')}
  0x000001c611fe0404: 49b8 78ef | df3a c601 | 0000 418b | b0cc 0000 | 0083 c602 | 4189 b0cc | 0000 0081 | e6fe 0700 
  0x000001c611fe0424: 0085 f60f | 84f7 0400 

  0x000001c611fe042c: ;   {metadata(method data for {method} {0x000001c6250b3fa8} 'newInvokeSpecial' '(Ljava/lang/Object;)Ljava/lang/Object;' in 'java/lang/invoke/DirectMethodHandle$Holder')}
  0x000001c611fe042c: 0049 b878 | efdf 3ac6 | 0100 004d | 8d80 2001 | 0000 4885 | d275 0f41 | f640 0801 | 7553 f049 
  0x000001c611fe044c: 8348 0801 | eb4b 8b72 | 0849 ba00 | 0000 25c6 | 0100 0049 | 03f2 4c8b | d649 3370 | 0848 f7c6 
  0x000001c611fe046c: fcff ffff | 742b 40f6 | c602 7525 | 49f7 4008 | feff ffff | 7417 498b | f249 3370 | 0848 f7c6 
  0x000001c611fe048c: fcff ffff | 740b 4983 | 4808 02eb | 0449 8970 

  0x000001c611fe049c: ;   {metadata(method data for {method} {0x000001c6250b3fa8} 'newInvokeSpecial' '(Ljava/lang/Object;)Ljava/lang/Object;' in 'java/lang/invoke/DirectMethodHandle$Holder')}
  0x000001c611fe049c: 0849 b878 | efdf 3ac6 | 0100 0049 | 8380 1001 

  0x000001c611fe04ac: ;   {metadata(method data for {method} {0x000001c6250a0b60} 'allocateInstance' '(Ljava/lang/Object;)Ljava/lang/Object;' in 'java/lang/invoke/DirectMethodHandle')}
  0x000001c611fe04ac: 0000 0149 | b8c8 f315 | 3ac6 0100 | 0041 8bb0 | cc00 0000 | 83c6 0241 | 89b0 cc00 | 0000 81e6 
  0x000001c611fe04cc: feff 1f00 | 85f6 0f84 | 6d04 0000 | 4885 d275 

  0x000001c611fe04dc: ;   {metadata(method data for {method} {0x000001c6250a0b60} 'allocateInstance' '(Ljava/lang/Object;)Ljava/lang/Object;' in 'java/lang/invoke/DirectMethodHandle')}
  0x000001c611fe04dc: 1648 bfc8 | f315 3ac6 | 0100 0080 | 8f09 0100 | 0001 e9cc 

  0x000001c611fe04f0: ;   {metadata('java/lang/invoke/DirectMethodHandle$Constructor')}
  0x000001c611fe04f0: 0000 0048 | bb90 a514 | 25c6 0100 | 008b 7208 | 49ba 0000 | 0025 c601 | 0000 4903 | f248 3bde 
  0x000001c611fe0510: 0f85 8d00 

  0x000001c611fe0514: ;   {metadata(method data for {method} {0x000001c6250a0b60} 'allocateInstance' '(Ljava/lang/Object;)Ljava/lang/Object;' in 'java/lang/invoke/DirectMethodHandle')}
  0x000001c611fe0514: 0000 48bf | c8f3 153a | c601 0000 | 8b5a 0849 | ba00 0000 | 25c6 0100 | 0049 03da | 483b 9f20 
  0x000001c611fe0534: 0100 0075 | 0d48 8387 | 2801 0000 | 01e9 7900 | 0000 483b | 9f30 0100 | 0075 0d48 | 8387 3801 
  0x000001c611fe0554: 0000 01e9 | 6300 0000 | 4883 bf20 | 0100 0000 | 7517 4889 | 9f20 0100 | 0048 c787 | 2801 0000 
  0x000001c611fe0574: 0100 0000 | e942 0000 | 0048 83bf | 3001 0000 | 0075 1748 | 899f 3001 | 0000 48c7 | 8738 0100 
  0x000001c611fe0594: 0001 0000 | 00e9 2100 | 0000 e91c 

  0x000001c611fe05a0: ;   {metadata(method data for {method} {0x000001c6250a0b60} 'allocateInstance' '(Ljava/lang/Object;)Ljava/lang/Object;' in 'java/lang/invoke/DirectMethodHandle')}
  0x000001c611fe05a0: 0000 0048 | bfc8 f315 | 3ac6 0100 | 0048 83af | 1001 0000 | 01e9 ac03 | 0000 e900 | 0000 004c 
  0x000001c611fe05c0: 8bc2 458b 

  0x000001c611fe05c4: ;   {oop(a 'jdk/internal/misc/Unsafe'{0x00000000e07a8e20})}
  0x000001c611fe05c4: 4028 48be | 208e 7ae0 | 0000 0000 

  0x000001c611fe05d0: ;   {metadata(method data for {method} {0x000001c6250a0b60} 'allocateInstance' '(Ljava/lang/Object;)Ljava/lang/Object;' in 'java/lang/invoke/DirectMethodHandle')}
  0x000001c611fe05d0: 488b fe48 | bbc8 f315 | 3ac6 0100 | 0048 8383 | 4801 0000 | 0148 8954 | 2430 488b 

  0x000001c611fe05ec: ;   {optimized virtual_call}
  0x000001c611fe05ec: d666 90e8 

  0x000001c611fe05f0: ; ImmutableOopMap {[48]=Oop }
                      ;*invokevirtual allocateInstance {reexecute=0 rethrow=0 return_oop=0}
                      ; - java.lang.invoke.DirectMethodHandle::allocateInstance@12
                      ; - java.lang.invoke.DirectMethodHandle$Holder::newInvokeSpecial@1
  0x000001c611fe05f0: ece0 4c07 

  0x000001c611fe05f4: ;   {other}
  0x000001c611fe05f4: 0f1f 8400 | 6404 0000 

  0x000001c611fe05fc: ;   {metadata(method data for {method} {0x000001c6250b3fa8} 'newInvokeSpecial' '(Ljava/lang/Object;)Ljava/lang/Object;' in 'java/lang/invoke/DirectMethodHandle$Holder')}
  0x000001c611fe05fc: 48ba 78ef | df3a c601 | 0000 488d | 9230 0100 | 0048 85c0 | 750c f602 | 0175 4ef0 | 4883 0a01 
  0x000001c611fe061c: eb47 448b | 4008 49ba | 0000 0025 | c601 0000 | 4d03 c24d | 8bd0 4c33 | 0249 f7c0 | fcff ffff 
  0x000001c611fe063c: 7427 41f6 | c002 7521 | 48f7 02fe | ffff ff74 | 154d 8bc2 | 4c33 0249 | f7c0 fcff | ffff 7409 
  0x000001c611fe065c: 4883 0a02 | eb03 4c89 

  0x000001c611fe0664: ;   {metadata(method data for {method} {0x000001c6250b3fa8} 'newInvokeSpecial' '(Ljava/lang/Object;)Ljava/lang/Object;' in 'java/lang/invoke/DirectMethodHandle$Holder')}
  0x000001c611fe0664: 0248 ba78 | efdf 3ac6 | 0100 0048 | 8d92 5001 | 0000 4c8b | 4424 304d | 85c0 750e | f642 0801 
  0x000001c611fe0684: 7554 f048 | 834a 0801 | eb4c 418b | 7008 49ba | 0000 0025 | c601 0000 | 4903 f24c | 8bd6 4833 
  0x000001c611fe06a4: 7208 48f7 | c6fc ffff | ff74 2b40 | f6c6 0275 | 2548 f742 | 08fe ffff | ff74 1749 | 8bf2 4833 
  0x000001c611fe06c4: 7208 48f7 | c6fc ffff | ff74 0b48 | 834a 0802 | eb04 4889 

  0x000001c611fe06d8: ;   {metadata(method data for {method} {0x000001c6250b3fa8} 'newInvokeSpecial' '(Ljava/lang/Object;)Ljava/lang/Object;' in 'java/lang/invoke/DirectMethodHandle$Holder')}
  0x000001c611fe06d8: 7208 48ba | 78ef df3a | c601 0000 | 4883 8240 | 0100 0001 

  0x000001c611fe06ec: ;   {metadata(method data for {method} {0x000001c6250a1608} 'constructorMethod' '(Ljava/lang/Object;)Ljava/lang/Object;' in 'java/lang/invoke/DirectMethodHandle')}
  0x000001c611fe06ec: 48ba 88f5 | 153a c601 | 0000 8bb2 | cc00 0000 | 83c6 0289 | b2cc 0000 | 0081 e6fe | ff1f 0085 
  0x000001c611fe070c: f60f 8461 | 0200 004d | 85c0 7516 

  0x000001c611fe0718: ;   {metadata(method data for {method} {0x000001c6250a1608} 'constructorMethod' '(Ljava/lang/Object;)Ljava/lang/Object;' in 'java/lang/invoke/DirectMethodHandle')}
  0x000001c611fe0718: 48be 88f5 | 153a c601 | 0000 808e | 0901 0000 | 01e9 ce00 

  0x000001c611fe072c: ;   {metadata('java/lang/invoke/DirectMethodHandle$Constructor')}
  0x000001c611fe072c: 0000 48bf | 90a5 1425 | c601 0000 | 418b 5008 | 49ba 0000 | 0025 c601 | 0000 4903 | d248 3bfa 
  0x000001c611fe074c: 0f85 8e00 

  0x000001c611fe0750: ;   {metadata(method data for {method} {0x000001c6250a1608} 'constructorMethod' '(Ljava/lang/Object;)Ljava/lang/Object;' in 'java/lang/invoke/DirectMethodHandle')}
  0x000001c611fe0750: 0000 48be | 88f5 153a | c601 0000 | 418b 7808 | 49ba 0000 | 0025 c601 | 0000 4903 | fa48 3bbe 
  0x000001c611fe0770: 2001 0000 | 750d 4883 | 8628 0100 | 0001 e979 | 0000 0048 | 3bbe 3001 | 0000 750d | 4883 8638 
  0x000001c611fe0790: 0100 0001 | e963 0000 | 0048 83be | 2001 0000 | 0075 1748 | 89be 2001 | 0000 48c7 | 8628 0100 
  0x000001c611fe07b0: 0001 0000 | 00e9 4200 | 0000 4883 | be30 0100 | 0000 7517 | 4889 be30 | 0100 0048 | c786 3801 
  0x000001c611fe07d0: 0000 0100 | 0000 e921 | 0000 00e9 | 1c00 0000 

  0x000001c611fe07e0: ;   {metadata(method data for {method} {0x000001c6250a1608} 'constructorMethod' '(Ljava/lang/Object;)Ljava/lang/Object;' in 'java/lang/invoke/DirectMethodHandle')}
  0x000001c611fe07e0: 48be 88f5 | 153a c601 | 0000 4883 | ae10 0100 | 0001 e99e | 0100 00e9 | 0000 0000 | 498b d044 
  0x000001c611fe0800: ;   {metadata(method data for {method} {0x000001c6250b3fa8} 'newInvokeSpecial' '(Ljava/lang/Object;)Ljava/lang/Object;' in 'java/lang/invoke/DirectMethodHandle$Holder')}
  0x000001c611fe0800: 8b42 2448 | ba78 efdf | 3ac6 0100 | 0048 8d92 | 6001 0000 | 4d85 c075 | 0cf6 0201 | 7547 f048 
  0x000001c611fe0820: 830a 01eb 

  0x000001c611fe0824: ;   {metadata('java/lang/invoke/MemberName')}
  0x000001c611fe0824: 4048 be88 | 0f09 25c6 | 0100 004c | 8bd6 4833 | 3248 f7c6 | fcff ffff | 7427 40f6 | c602 7521 
  0x000001c611fe0844: 48f7 02fe | ffff ff74 | 1549 8bf2 | 4833 3248 | f7c6 fcff | ffff 7409 | 4883 0a02 | eb03 4889 
  0x000001c611fe0864: ;   {metadata(method data for {method} {0x000001c6250b3fa8} 'newInvokeSpecial' '(Ljava/lang/Object;)Ljava/lang/Object;' in 'java/lang/invoke/DirectMethodHandle$Holder')}
  0x000001c611fe0864: 3248 ba78 | efdf 3ac6 | 0100 0048 | 8d92 b801 | 0000 4885 | c075 0ef6 | 4208 0175 | 53f0 4883 
  0x000001c611fe0884: 4a08 01eb | 4b8b 7008 | 49ba 0000 | 0025 c601 | 0000 4903 | f24c 8bd6 | 4833 7208 | 48f7 c6fc 
  0x000001c611fe08a4: ffff ff74 | 2b40 f6c6 | 0275 2548 | f742 08fe | ffff ff74 | 1749 8bf2 | 4833 7208 | 48f7 c6fc 
  0x000001c611fe08c4: ffff ff74 | 0b48 834a | 0802 eb04 | 4889 7208 | 4d85 c075 | 0cf6 4218 | 0175 06f0 | 4883 4a18 
  0x000001c611fe08e4: ;   {metadata(method data for {method} {0x000001c6250b3fa8} 'newInvokeSpecial' '(Ljava/lang/Object;)Ljava/lang/Object;' in 'java/lang/invoke/DirectMethodHandle$Holder')}
  0x000001c611fe08e4: 0148 ba78 | efdf 3ac6 | 0100 0048 | 8382 a801 | 0000 0148 | 8bd0 4889 

  0x000001c611fe08fc: ;   {static_call}
  0x000001c611fe08fc: 4424 38e8 

  0x000001c611fe0900: ; ImmutableOopMap {[56]=Oop }
                      ;*invokestatic linkToSpecial {reexecute=0 rethrow=0 return_oop=0}
                      ; - java.lang.invoke.DirectMethodHandle$Holder::newInvokeSpecial@15
  0x000001c611fe0900: fc5b 4b07 

  0x000001c611fe0904: ;   {other}
  0x000001c611fe0904: 0f1f 8400 | 7407 0001 | 488b 4424 | 3848 83c4 

  0x000001c611fe0914: ;   {poll_return}
  0x000001c611fe0914: 505d 493b | a750 0400 | 000f 8780 | 0000 00c3 

  0x000001c611fe0924: ;   {metadata({method} {0x000001c6250b3fa8} 'newInvokeSpecial' '(Ljava/lang/Object;)Ljava/lang/Object;' in 'java/lang/invoke/DirectMethodHandle$Holder')}
  0x000001c611fe0924: 49ba a03f | 0b25 c601 | 0000 4c89 | 5424 0848 | c704 24ff 

  0x000001c611fe0938: ;   {runtime_call counter_overflow Runtime1 stub}
  0x000001c611fe0938: ffff ffe8 

  0x000001c611fe093c: ; ImmutableOopMap {rdx=Oop }
                      ;*synchronization entry
                      ; - java.lang.invoke.DirectMethodHandle$Holder::newInvokeSpecial@-1
  0x000001c611fe093c: 4001 e806 | e9e8 faff 

  0x000001c611fe0944: ;   {metadata({method} {0x000001c6250a0b60} 'allocateInstance' '(Ljava/lang/Object;)Ljava/lang/Object;' in 'java/lang/invoke/DirectMethodHandle')}
  0x000001c611fe0944: ff49 ba58 | 0b0a 25c6 | 0100 004c | 8954 2408 | 48c7 0424 | ffff ffff 

  0x000001c611fe095c: ;   {runtime_call counter_overflow Runtime1 stub}
  0x000001c611fe095c: e81f 01e8 

  0x000001c611fe0960: ; ImmutableOopMap {rdx=Oop }
                      ;*synchronization entry
                      ; - java.lang.invoke.DirectMethodHandle::allocateInstance@-1
                      ; - java.lang.invoke.DirectMethodHandle$Holder::newInvokeSpecial@1
  0x000001c611fe0960: 06e9 72fb | ffff 4889 

  0x000001c611fe0968: ;   {runtime_call throw_class_cast_exception Runtime1 stub}
  0x000001c611fe0968: 1424 e831 

  0x000001c611fe096c: ; ImmutableOopMap {rdx=Oop }
                      ;*checkcast {reexecute=0 rethrow=0 return_oop=0}
                      ; - java.lang.invoke.DirectMethodHandle::allocateInstance@1
                      ; - java.lang.invoke.DirectMethodHandle$Holder::newInvokeSpecial@1
                      ;   {runtime_call throw_null_pointer_exception Runtime1 stub}
  0x000001c611fe096c: a3e7 06e8 

  0x000001c611fe0970: ; ImmutableOopMap {rdx=Oop }
                      ;*getfield instanceClass {reexecute=1 rethrow=0 return_oop=0}
                      ; - (reexecute) java.lang.invoke.DirectMethodHandle::allocateInstance@9
                      ; - java.lang.invoke.DirectMethodHandle$Holder::newInvokeSpecial@1
  0x000001c611fe0970: 2c68 e706 

  0x000001c611fe0974: ;   {metadata({method} {0x000001c6250a1608} 'constructorMethod' '(Ljava/lang/Object;)Ljava/lang/Object;' in 'java/lang/invoke/DirectMethodHandle')}
  0x000001c611fe0974: 49ba 0016 | 0a25 c601 | 0000 4c89 | 5424 0848 | c704 24ff 

  0x000001c611fe0988: ;   {runtime_call counter_overflow Runtime1 stub}
  0x000001c611fe0988: ffff ffe8 

  0x000001c611fe098c: ; ImmutableOopMap {rax=Oop r8=Oop }
                      ;*synchronization entry
                      ; - java.lang.invoke.DirectMethodHandle::constructorMethod@-1
                      ; - java.lang.invoke.DirectMethodHandle$Holder::newInvokeSpecial@6
  0x000001c611fe098c: f000 e806 | e97e fdff | ff4c 8904 

  0x000001c611fe0998: ;   {runtime_call throw_class_cast_exception Runtime1 stub}
  0x000001c611fe0998: 24e8 02a3 

  0x000001c611fe099c: ; ImmutableOopMap {rax=Oop }
                      ;*checkcast {reexecute=0 rethrow=0 return_oop=0}
                      ; - java.lang.invoke.DirectMethodHandle::constructorMethod@1
                      ; - java.lang.invoke.DirectMethodHandle$Holder::newInvokeSpecial@6
                      ;   {runtime_call throw_null_pointer_exception Runtime1 stub}
  0x000001c611fe099c: e706 e8fd 

  0x000001c611fe09a0: ; ImmutableOopMap {rax=Oop }
                      ;*getfield initMethod {reexecute=1 rethrow=0 return_oop=0}
                      ; - (reexecute) java.lang.invoke.DirectMethodHandle::constructorMethod@6
                      ; - java.lang.invoke.DirectMethodHandle$Holder::newInvokeSpecial@6
                      ;   {internal_word}
  0x000001c611fe09a0: 67e7 0649 | ba16 09fe | 11c6 0100 | 004d 8997 | 6804 0000 

  0x000001c611fe09b4: ;   {runtime_call SafepointBlob}
  0x000001c611fe09b4: e9c7 5fdb | 0649 8b87 | 0005 0000 | 49c7 8700 | 0500 0000 | 0000 0049 | c787 0805 | 0000 0000 
  0x000001c611fe09d4: 0000 4883 

  0x000001c611fe09d8: ;   {runtime_call unwind_exception Runtime1 stub}
  0x000001c611fe09d8: c450 5de9 | a053 e706 
[Stub Code]
  0x000001c611fe09e0: ;   {no_reloc}
  0x000001c611fe09e0: 48bb 0000 | 0000 0000 

  0x000001c611fe09e8: ;   {runtime_call nmethod}
  0x000001c611fe09e8: 0000 e9fb 

  0x000001c611fe09ec: ;   {static_stub}
  0x000001c611fe09ec: ffff ff48 | bb00 0000 | 0000 0000 

  0x000001c611fe09f8: ;   {runtime_call nmethod}
  0x000001c611fe09f8: 00e9 fbff 

  0x000001c611fe09fc: ;   {runtime_call handle_exception_from_callee Runtime1 stub}
  0x000001c611fe09fc: ffff e87d 

  0x000001c611fe0a00: ;   {external_word}
  0x000001c611fe0a00: 97e7 0648 | b940 53d1 | 39fa 7f00 | 0048 83e4 

  0x000001c611fe0a10: ;   {runtime_call}
  0x000001c611fe0a10: f048 b8b0 | c393 39fa | 7f00 00ff 

  0x000001c611fe0a1c: ;   {section_word}
  0x000001c611fe0a1c: d0f4 49ba | 1e0a fe11 | c601 0000 

  0x000001c611fe0a28: ;   {runtime_call DeoptimizationBlob}
  0x000001c611fe0a28: 4152 e9f1 

  0x000001c611fe0a2c: ;   {section_word}
  0x000001c611fe0a2c: 73db 0649 | ba2f 0afe | 11c6 0100 

  0x000001c611fe0a38: ;   {runtime_call DeoptimizationBlob}
  0x000001c611fe0a38: 0041 52e9 | e073 db06 
[/MachCode]


Compiled method (c1) 3218 1621   !   3       jdk.internal.reflect.DirectConstructorHandleAccessor::newInstance (130 bytes)
 total in heap  [0x000001c611beef10,0x000001c611bf2768] = 14424
 relocation     [0x000001c611bef070,0x000001c611bef3a8] = 824
 main code      [0x000001c611bef3c0,0x000001c611bf1468] = 8360
 stub code      [0x000001c611bf1468,0x000001c611bf15f8] = 400
 oops           [0x000001c611bf15f8,0x000001c611bf1618] = 32
 metadata       [0x000001c611bf1618,0x000001c611bf1698] = 128
 scopes data    [0x000001c611bf1698,0x000001c611bf1ab0] = 1048
 scopes pcs     [0x000001c611bf1ab0,0x000001c611bf2030] = 1408
 dependencies   [0x000001c611bf2030,0x000001c611bf2038] = 8
 handler table  [0x000001c611bf2038,0x000001c611bf26c8] = 1680
 nul chk table  [0x000001c611bf26c8,0x000001c611bf2768] = 160

[Constant Pool (empty)]

[MachCode]
[Entry Point]
  # {method} {0x000001c62519d000} 'newInstance' '([Ljava/lang/Object;)Ljava/lang/Object;' in 'jdk/internal/reflect/DirectConstructorHandleAccessor'
  # this:     rdx:rdx   = 'jdk/internal/reflect/DirectConstructorHandleAccessor'
  # parm0:    r8:r8     = '[Ljava/lang/Object;'
  #           [sp+0x130]  (sp of caller)
  0x000001c611bef3c0: 448b 5208 | 49bb 0000 | 0025 c601 | 0000 4d03 | d34c 3bd0 

  0x000001c611bef3d4: ;   {runtime_call ic_miss_stub}
  0x000001c611bef3d4: 0f85 a6f5 | 1907 660f | 1f44 0000 
[Verified Entry Point]
  0x000001c611bef3e0: 8984 2400 | 80ff ff55 | 4881 ec20 | 0100 0090 | 4181 7f20 | 0300 0000 

  0x000001c611bef3f8: ;   {runtime_call StubRoutines (final stubs)}
  0x000001c611bef3f8: 7405 e8a1 | 8e18 0748 | 8994 2498 

  0x000001c611bef404: ;   {metadata(method data for {method} {0x000001c62519d000} 'newInstance' '([Ljava/lang/Object;)Ljava/lang/Object;' in 'jdk/internal/reflect/DirectConstructorHandleAccessor')}
  0x000001c611bef404: 0000 0049 | b940 7c1f | 3ac6 0100 | 0041 8bb1 | cc00 0000 | 83c6 0241 | 89b1 cc00 | 0000 81e6 
  0x000001c611bef424: fe07 0000 | 85f6 0f84 | 191b 0000 

  0x000001c611bef430: ;   {metadata(method data for {method} {0x000001c62519d000} 'newInstance' '([Ljava/lang/Object;)Ljava/lang/Object;' in 'jdk/internal/reflect/DirectConstructorHandleAccessor')}
  0x000001c611bef430: 4d85 c049 | b940 7c1f | 3ac6 0100 | 0048 c7c6 | 1001 0000 | 7407 48c7 | c620 0100 | 0049 8b3c 
  0x000001c611bef450: 3148 8d7f | 0149 893c | 310f 8419 | 0000 0045 

  0x000001c611bef460: ;   {metadata(method data for {method} {0x000001c62519d000} 'newInstance' '([Ljava/lang/Object;)Ljava/lang/Object;' in 'jdk/internal/reflect/DirectConstructorHandleAccessor')}
  0x000001c611bef460: 8b48 0c48 | be40 7c1f | 3ac6 0100 | 00ff 8630 | 0100 00e9 | 0600 0000 | 41b9 0000 | 0000 8b72 
  0x000001c611bef480: 0c44 3bce 

  0x000001c611bef484: ;   {metadata(method data for {method} {0x000001c62519d000} 'newInstance' '([Ljava/lang/Object;)Ljava/lang/Object;' in 'jdk/internal/reflect/DirectConstructorHandleAccessor')}
  0x000001c611bef484: 48bf 407c | 1f3a c601 | 0000 48c7 | c358 0100 | 0075 0748 | c7c3 4801 | 0000 488b | 041f 488d 
  0x000001c611bef4a4: 4001 4889 | 041f 0f85 | 4915 0000 

  0x000001c611bef4b0: ;   {metadata(method data for {method} {0x000001c62519d000} 'newInstance' '([Ljava/lang/Object;)Ljava/lang/Object;' in 'jdk/internal/reflect/DirectConstructorHandleAccessor')}
  0x000001c611bef4b0: 4c8b ca48 | bf40 7c1f | 3ac6 0100 

  0x000001c611bef4bc: ;   {metadata('jdk/internal/reflect/DirectConstructorHandleAccessor')}
  0x000001c611bef4bc: 0049 bac0 | cd19 25c6 | 0100 004c | 8997 b002 | 0000 4883 | 87b8 0200 

  0x000001c611bef4d4: ;   {metadata(method data for {method} {0x000001c62519d058} 'invokeImpl' '([Ljava/lang/Object;)Ljava/lang/Object;' in 'jdk/internal/reflect/DirectConstructorHandleAccessor')}
  0x000001c611bef4d4: 0001 49b9 | 6078 1f3a | c601 0000 | 418b b9cc | 0000 0083 | c702 4189 | b9cc 0000 | 0081 e7fe 
  0x000001c611bef4f4: ff1f 0085 | ff0f 8470 

  0x000001c611bef4fc: ;   {metadata(method data for {method} {0x000001c62519d058} 'invokeImpl' '([Ljava/lang/Object;)Ljava/lang/Object;' in 'jdk/internal/reflect/DirectConstructorHandleAccessor')}
  0x000001c611bef4fc: 1a00 0049 | b960 781f | 3ac6 0100 | 0048 c7c7 | 1801 0000 | 85f6 488b | df48 c7c7 | 2801 0000 
  0x000001c611bef51c: 480f 45fb | 83fe 0148 | 8bdf 48c7 | c738 0100 | 0048 0f45 | fb83 fe02 | 488b df48 | c7c7 4801 
  0x000001c611bef53c: 0000 480f | 45fb 83fe | 0348 8bdf | 48c7 c758 | 0100 0048 | 0f45 fb49 | 8b1c 3949 | c7c2 0100 
  0x000001c611bef55c: 0000 4903 | da49 891c | 3985 f60f | 842d 0c00 | 0083 fe01 | 0f84 4406 | 0000 83fe | 020f 8406 
  0x000001c611bef57c: 0400 0083 | fe03 0f84 | ac01 0000 | 8b72 100f | 1f44 0000 

  0x000001c611bef590: ;   {oop(a 'java/lang/invoke/MethodType'{0x00000000e96a9150} = ([Ljava/lang/Object;)Ljava/lang/Object;)}
  0x000001c611bef590: 49b9 5091 | 6ae9 0000 | 0000 483b 

  0x000001c611bef59c: ;   {metadata(method data for {method} {0x000001c62519d058} 'invokeImpl' '([Ljava/lang/Object;)Ljava/lang/Object;' in 'jdk/internal/reflect/DirectConstructorHandleAccessor')}
  0x000001c611bef59c: 0648 bf60 | 781f 3ac6 | 0100 0048 | 8dbf 7803 | 0000 4d85 | c075 0ef6 | 4708 0175 | 53f0 4883 
  0x000001c611bef5bc: 4f08 01eb | 4b41 8b58 | 0849 ba00 | 0000 25c6 | 0100 0049 | 03da 4c8b | d348 335f | 0848 f7c3 
  0x000001c611bef5dc: fcff ffff | 742a f6c3 | 0275 2548 | f747 08fe | ffff ff74 | 1749 8bda | 4833 5f08 | 48f7 c3fc 
  0x000001c611bef5fc: ffff ff74 | 0b48 834f | 0802 eb04 | 4889 5f08 

  0x000001c611bef60c: ;   {metadata(method data for {method} {0x000001c62519d058} 'invokeImpl' '([Ljava/lang/Object;)Ljava/lang/Object;' in 'jdk/internal/reflect/DirectConstructorHandleAccessor')}
  0x000001c611bef60c: 488b fe48 | bb60 781f | 3ac6 0100 | 008b 7f08 | 49ba 0000 | 0025 c601 | 0000 4903 | fa48 3bbb 
  0x000001c611bef62c: 5003 0000 | 750d 4883 | 8358 0300 | 0001 e960 | 0000 0048 | 3bbb 6003 | 0000 750d | 4883 8368 
  0x000001c611bef64c: 0300 0001 | e94a 0000 | 0048 83bb | 5003 0000 | 0075 1748 | 89bb 5003 | 0000 48c7 | 8358 0300 
  0x000001c611bef66c: 0001 0000 | 00e9 2900 | 0000 4883 | bb60 0300 | 0000 7517 | 4889 bb60 | 0300 0048 | c783 6803 
  0x000001c611bef68c: 0000 0100 | 0000 e908 | 0000 0048 | 8383 4003 | 0000 0148 | 8bd6 0f1f 

  0x000001c611bef6a4: ;   {optimized virtual_call}
  0x000001c611bef6a4: 4400 00e8 

  0x000001c611bef6a8: ; ImmutableOopMap {[152]=Oop }
                      ;*invokevirtual invokeExact {reexecute=0 rethrow=0 return_oop=0}
                      ; - jdk.internal.reflect.DirectConstructorHandleAccessor::invokeImpl@99
                      ; - jdk.internal.reflect.DirectConstructorHandleAccessor::newInstance@60
  0x000001c611bef6a8: f452 1c00 

  0x000001c611bef6ac: ;   {other}
  0x000001c611bef6ac: 0f1f 8400 | 9c07 0000 

  0x000001c611bef6b4: ;   {metadata(method data for {method} {0x000001c62519d058} 'invokeImpl' '([Ljava/lang/Object;)Ljava/lang/Object;' in 'jdk/internal/reflect/DirectConstructorHandleAccessor')}
  0x000001c611bef6b4: 49b8 6078 | 1f3a c601 | 0000 4d8d | 8088 0300 | 0048 85c0 | 750d 41f6 | 0001 754e | f049 8308 
  0x000001c611bef6d4: 01eb 4744 | 8b48 0849 | ba00 0000 | 25c6 0100 | 004d 03ca | 4d8b d14d | 3308 49f7 | c1fc ffff 
  0x000001c611bef6f4: ff74 2741 | f6c1 0275 | 2149 f700 | feff ffff | 7415 4d8b | ca4d 3308 | 49f7 c1fc | ffff ff74 
  0x000001c611bef714: 0949 8308 | 02eb 034d | 8908 4881 | c420 0100 

  0x000001c611bef724: ;   {poll_return}
  0x000001c611bef724: 005d 493b | a750 0400 | 000f 877b | 1800 00c3 | 8b5a 1041 | 8378 0c00 | 0f86 8c18 | 0000 458b 
  0x000001c611bef744: 4810 4183 | 780c 010f | 868f 1800 | 0041 8b78 | 1441 8378 | 0c02 0f86 | 9218 0000 | 418b 7018 
  0x000001c611bef764: 0f1f 4000 

  0x000001c611bef768: ;   {oop(a 'java/lang/invoke/MethodType'{0x00000000e07c2ef0} = (Ljava/lang/Object;Ljava/lang/Object;Ljava/lang/Object;)Ljava/lang/Object;)}
  0x000001c611bef768: 48b8 f02e | 7ce0 0000 | 0000 483b 

  0x000001c611bef774: ;   {metadata(method data for {method} {0x000001c62519d058} 'invokeImpl' '([Ljava/lang/Object;)Ljava/lang/Object;' in 'jdk/internal/reflect/DirectConstructorHandleAccessor')}
  0x000001c611bef774: 0349 b860 | 781f 3ac6 | 0100 004d | 8d80 f802 | 0000 4d85 | c975 0f41 | f640 0801 | 7553 f049 
  0x000001c611bef794: 8348 0801 | eb4b 418b | 4908 49ba | 0000 0025 | c601 0000 | 4903 ca4c | 8bd1 4933 | 4808 48f7 
  0x000001c611bef7b4: c1fc ffff | ff74 2af6 | c102 7525 | 49f7 4008 | feff ffff | 7417 498b | ca49 3348 | 0848 f7c1 
  0x000001c611bef7d4: fcff ffff | 740b 4983 | 4808 02eb | 0449 8948 | 0848 85ff | 750f 41f6 | 4018 0175 | 52f0 4983 
  0x000001c611bef7f4: 4818 01eb | 4a8b 4f08 | 49ba 0000 | 0025 c601 | 0000 4903 | ca4c 8bd1 | 4933 4818 | 48f7 c1fc 
  0x000001c611bef814: ffff ff74 | 2af6 c102 | 7525 49f7 | 4018 feff | ffff 7417 | 498b ca49 | 3348 1848 | f7c1 fcff 
  0x000001c611bef834: ffff 740b | 4983 4818 | 02eb 0449 | 8948 184c 

  0x000001c611bef844: ;   {metadata(method data for {method} {0x000001c62519d058} 'invokeImpl' '([Ljava/lang/Object;)Ljava/lang/Object;' in 'jdk/internal/reflect/DirectConstructorHandleAccessor')}
  0x000001c611bef844: 8bc3 48b9 | 6078 1f3a | c601 0000 | 458b 4008 | 49ba 0000 | 0025 c601 | 0000 4d03 | c24c 3b81 
  0x000001c611bef864: d002 0000 | 750d 4883 | 81d8 0200 | 0001 e960 | 0000 004c | 3b81 e002 | 0000 750d | 4883 81e8 
  0x000001c611bef884: 0200 0001 | e94a 0000 | 0048 83b9 | d002 0000 | 0075 174c | 8981 d002 | 0000 48c7 | 81d8 0200 
  0x000001c611bef8a4: 0001 0000 | 00e9 2900 | 0000 4883 | b9e0 0200 | 0000 7517 | 4c89 81e0 | 0200 0048 | c781 e802 
  0x000001c611bef8c4: 0000 0100 | 0000 e908 | 0000 0048 | 8381 c002 | 0000 014d | 8bc1 4c8b | cf48 8bfe | 488b f048 
  0x000001c611bef8e4: ;   {optimized virtual_call}
  0x000001c611bef8e4: 8bd3 90e8 

  0x000001c611bef8e8: ; ImmutableOopMap {[152]=Oop }
                      ;*invokevirtual invokeExact {reexecute=0 rethrow=0 return_oop=0}
                      ; - jdk.internal.reflect.DirectConstructorHandleAccessor::invokeImpl@88
                      ; - jdk.internal.reflect.DirectConstructorHandleAccessor::newInstance@60
  0x000001c611bef8e8: 911b 0000 

  0x000001c611bef8ec: ;   {other}
  0x000001c611bef8ec: 0f1f 8400 | dc09 0001 

  0x000001c611bef8f4: ;   {metadata(method data for {method} {0x000001c62519d058} 'invokeImpl' '([Ljava/lang/Object;)Ljava/lang/Object;' in 'jdk/internal/reflect/DirectConstructorHandleAccessor')}
  0x000001c611bef8f4: 49b8 6078 | 1f3a c601 | 0000 4d8d | 8018 0300 | 0048 85c0 | 750d 41f6 | 0001 754e | f049 8308 
  0x000001c611bef914: 01eb 4744 | 8b48 0849 | ba00 0000 | 25c6 0100 | 004d 03ca | 4d8b d14d | 3308 49f7 | c1fc ffff 
  0x000001c611bef934: ff74 2741 | f6c1 0275 | 2149 f700 | feff ffff | 7415 4d8b | ca4d 3308 | 49f7 c1fc | ffff ff74 
  0x000001c611bef954: 0949 8308 | 02eb 034d 

  0x000001c611bef95c: ;   {metadata(method data for {method} {0x000001c62519d058} 'invokeImpl' '([Ljava/lang/Object;)Ljava/lang/Object;' in 'jdk/internal/reflect/DirectConstructorHandleAccessor')}
  0x000001c611bef95c: 8908 49b8 | 6078 1f3a | c601 0000 | 41ff 8028 | 0300 0048 | 81c4 2001 

  0x000001c611bef974: ;   {poll_return}
  0x000001c611bef974: 0000 5d49 | 3ba7 5004 | 0000 0f87 | 9e16 0000 | c38b 7210 

  0x000001c611bef988: ; implicit exception: dispatches to 0x000001c611bf1038
  0x000001c611bef988: 4183 780c | 000f 86af | 1600 0045 | 8b48 1041 | 8378 0c01 | 0f86 b216 | 0000 418b | 7814 6690 
  0x000001c611bef9a8: ;   {oop(a 'java/lang/invoke/MethodType'{0x00000000e07b1c38} = (Ljava/lang/Object;Ljava/lang/Object;)Ljava/lang/Object;)}
  0x000001c611bef9a8: 48bb 381c | 7be0 0000 | 0000 483b 

  0x000001c611bef9b4: ;   {metadata(method data for {method} {0x000001c62519d058} 'invokeImpl' '([Ljava/lang/Object;)Ljava/lang/Object;' in 'jdk/internal/reflect/DirectConstructorHandleAccessor')}
  0x000001c611bef9b4: 0649 b860 | 781f 3ac6 | 0100 004d | 8d80 7802 | 0000 4d85 | c975 0f41 | f640 0801 | 7550 f049 
  0x000001c611bef9d4: 8348 0801 | eb48 418b | 4108 49ba | 0000 0025 | c601 0000 | 4903 c24c | 8bd0 4933 | 4008 48a9 
  0x000001c611bef9f4: fcff ffff | 7428 a802 | 7524 49f7 | 4008 feff | ffff 7416 | 498b c249 | 3340 0848 | a9fc ffff 
  0x000001c611befa14: ff74 0b49 | 8348 0802 | eb04 4989 | 4008 4885 | ff75 0f41 | f640 1801 | 754f f049 | 8348 1801 
  0x000001c611befa34: eb47 8b47 | 0849 ba00 | 0000 25c6 | 0100 0049 | 03c2 4c8b | d049 3340 | 1848 a9fc | ffff ff74 
  0x000001c611befa54: 28a8 0275 | 2449 f740 | 18fe ffff | ff74 1649 | 8bc2 4933 | 4018 48a9 | fcff ffff | 740b 4983 
  0x000001c611befa74: 4818 02eb | 0449 8940 | 184c 8bc6 

  0x000001c611befa80: ;   {metadata(method data for {method} {0x000001c62519d058} 'invokeImpl' '([Ljava/lang/Object;)Ljava/lang/Object;' in 'jdk/internal/reflect/DirectConstructorHandleAccessor')}
  0x000001c611befa80: 48b8 6078 | 1f3a c601 | 0000 458b | 4008 49ba | 0000 0025 | c601 0000 | 4d03 c24c | 3b80 5002 
  0x000001c611befaa0: 0000 750d | 4883 8058 | 0200 0001 | e960 0000 | 004c 3b80 | 6002 0000 | 750d 4883 | 8068 0200 
  0x000001c611befac0: 0001 e94a | 0000 0048 | 83b8 5002 | 0000 0075 | 174c 8980 | 5002 0000 | 48c7 8058 | 0200 0001 
  0x000001c611befae0: 0000 00e9 | 2900 0000 | 4883 b860 | 0200 0000 | 7517 4c89 | 8060 0200 | 0048 c780 | 6802 0000 
  0x000001c611befb00: 0100 0000 | e908 0000 | 0048 8380 | 4002 0000 | 014d 8bc1 | 4c8b cf48 | 8bfb 488b 

  0x000001c611befb1c: ;   {optimized virtual_call}
  0x000001c611befb1c: d666 90e8 

  0x000001c611befb20: ; ImmutableOopMap {[152]=Oop }
                      ;*invokevirtual invokeExact {reexecute=0 rethrow=0 return_oop=0}
                      ; - jdk.internal.reflect.DirectConstructorHandleAccessor::invokeImpl@69
                      ; - jdk.internal.reflect.DirectConstructorHandleAccessor::newInstance@60
  0x000001c611befb20: 7c4e 4700 

  0x000001c611befb24: ;   {other}
  0x000001c611befb24: 0f1f 8400 | 140c 0002 

  0x000001c611befb2c: ;   {metadata(method data for {method} {0x000001c62519d058} 'invokeImpl' '([Ljava/lang/Object;)Ljava/lang/Object;' in 'jdk/internal/reflect/DirectConstructorHandleAccessor')}
  0x000001c611befb2c: 48ba 6078 | 1f3a c601 | 0000 488d | 9298 0200 | 0048 85c0 | 750c f602 | 0175 4df0 | 4883 0a01 
  0x000001c611befb4c: eb46 8b70 | 0849 ba00 | 0000 25c6 | 0100 0049 | 03f2 4c8b | d648 3332 | 48f7 c6fc | ffff ff74 
  0x000001c611befb6c: 2740 f6c6 | 0275 2148 | f702 feff | ffff 7415 | 498b f248 | 3332 48f7 | c6fc ffff | ff74 0948 
  0x000001c611befb8c: 830a 02eb | 0348 8932 

  0x000001c611befb94: ;   {metadata(method data for {method} {0x000001c62519d058} 'invokeImpl' '([Ljava/lang/Object;)Ljava/lang/Object;' in 'jdk/internal/reflect/DirectConstructorHandleAccessor')}
  0x000001c611befb94: 48ba 6078 | 1f3a c601 | 0000 ff82 | a802 0000 | 4881 c420 | 0100 005d 

  0x000001c611befbac: ;   {poll_return}
  0x000001c611befbac: 493b a750 | 0400 000f | 87cb 1400 | 00c3 8b72 | 1048 89b4 | 24a8 0000 | 0041 8378 | 0c00 0f86 
  0x000001c611befbcc: d414 0000 | 418b 7810 | 4889 bc24 | a000 0000 

  0x000001c611befbdc: ;   {metadata(method data for {method} {0x000001c62519d058} 'invokeImpl' '([Ljava/lang/Object;)Ljava/lang/Object;' in 'jdk/internal/reflect/DirectConstructorHandleAccessor')}
  0x000001c611befbdc: 48bb 6078 | 1f3a c601 | 0000 488d | 9b08 0200 | 0048 85ff | 750e f643 | 0801 754f | f048 834b 
  0x000001c611befbfc: 0801 eb47 | 8b47 0849 | ba00 0000 | 25c6 0100 | 0049 03c2 | 4c8b d048 | 3343 0848 | a9fc ffff 
  0x000001c611befc1c: ff74 28a8 | 0275 2448 | f743 08fe | ffff ff74 | 1649 8bc2 | 4833 4308 | 48a9 fcff | ffff 740b 
  0x000001c611befc3c: 4883 4b08 | 02eb 0448 

  0x000001c611befc44: ;   {metadata(method data for {method} {0x000001c6250ae5c8} 'invokeExact_MT' '(Ljava/lang/Object;Ljava/lang/Object;Ljava/lang/Object;)Ljava/lang/Object;' in 'java/lang/invoke/Invokers$Holder')}
  0x000001c611befc44: 8943 0848 | bb08 831f | 3ac6 0100 | 0048 8d9b | a002 0000 | 4885 f675 | 0cf6 0301 | 7549 f048 
  0x000001c611befc64: 830b 01eb | 428b 4608 | 49ba 0000 | 0025 c601 | 0000 4903 | c24c 8bd0 | 4833 0348 | a9fc ffff 
  0x000001c611befc84: ff74 24a8 | 0275 2048 | f703 feff | ffff 7414 | 498b c248 | 3303 48a9 | fcff ffff | 7409 4883 
  0x000001c611befca4: 0b02 eb03 | 4889 0348 | 85ff 750e | f643 1001 | 754f f048 | 834b 1001 | eb47 8b47 | 0849 ba00 
  0x000001c611befcc4: 0000 25c6 | 0100 0049 | 03c2 4c8b | d048 3343 | 1048 a9fc | ffff ff74 | 28a8 0275 | 2448 f743 
  0x000001c611befce4: 10fe ffff | ff74 1649 | 8bc2 4833 | 4310 48a9 | fcff ffff | 740b 4883 | 4b10 02eb | 0448 8943 
  0x000001c611befd04: ;   {metadata(method data for {method} {0x000001c62519d058} 'invokeImpl' '([Ljava/lang/Object;)Ljava/lang/Object;' in 'jdk/internal/reflect/DirectConstructorHandleAccessor')}
  0x000001c611befd04: 1048 bb60 | 781f 3ac6 | 0100 0048 | 8383 d001 

  0x000001c611befd14: ;   {metadata(method data for {method} {0x000001c6250ae5c8} 'invokeExact_MT' '(Ljava/lang/Object;Ljava/lang/Object;Ljava/lang/Object;)Ljava/lang/Object;' in 'java/lang/invoke/Invokers$Holder')}
  0x000001c611befd14: 0000 0148 | bb08 831f | 3ac6 0100 | 008b 83cc | 0000 0083 | c002 8983 | cc00 0000 | 25fe ff1f 
  0x000001c611befd34: 0085 c00f | 8479 1300 

  0x000001c611befd3c: ;   {metadata(method data for {method} {0x000001c6250ae5c8} 'invokeExact_MT' '(Ljava/lang/Object;Ljava/lang/Object;Ljava/lang/Object;)Ljava/lang/Object;' in 'java/lang/invoke/Invokers$Holder')}
  0x000001c611befd3c: 0048 bb08 | 831f 3ac6 | 0100 0048 | 8d9b 9001 | 0000 4885 | f675 0ef6 | 4308 0175 | 4ff0 4883 
  0x000001c611befd5c: 4b08 01eb | 478b 4608 | 49ba 0000 | 0025 c601 | 0000 4903 | c24c 8bd0 | 4833 4308 | 48a9 fcff 
  0x000001c611befd7c: ffff 7428 | a802 7524 | 48f7 4308 | feff ffff | 7416 498b | c248 3343 | 0848 a9fc | ffff ff74 
  0x000001c611befd9c: 0b48 834b | 0802 eb04 | 4889 4308 

  0x000001c611befda8: ;   {oop(a 'java/lang/invoke/MethodType'{0x00000000e07b1b20} = (Ljava/lang/Object;)Ljava/lang/Object;)}
  0x000001c611befda8: 48b8 201b | 7be0 0000 | 0000 4885 | c075 0cf6 | 4318 0175 | 06f0 4883 

  0x000001c611befdc0: ;   {metadata(method data for {method} {0x000001c6250ae5c8} 'invokeExact_MT' '(Ljava/lang/Object;Ljava/lang/Object;Ljava/lang/Object;)Ljava/lang/Object;' in 'java/lang/invoke/Invokers$Holder')}
  0x000001c611befdc0: 4b18 0148 | bb08 831f | 3ac6 0100 | 0048 8383 | 8001 0000 

  0x000001c611befdd4: ;   {metadata(method data for {method} {0x000001c6253dc728} 'checkExactType' '(Ljava/lang/invoke/MethodHandle;Ljava/lang/invoke/MethodType;)V' in 'java/lang/invoke/Invokers')}
  0x000001c611befdd4: 0148 bb10 | e319 3ac6 | 0100 008b | 8bcc 0000 | 0083 c102 | 898b cc00 | 0000 81e1 | feff 1f00 
  0x000001c611befdf4: 85c9 0f84 | db12 0000 

  0x000001c611befdfc: ; implicit exception: dispatches to 0x000001c611bf10f8
  0x000001c611befdfc: 483b 0648 

  0x000001c611befe00: ;   {metadata(method data for {method} {0x000001c6253dc728} 'checkExactType' '(Ljava/lang/invoke/MethodHandle;Ljava/lang/invoke/MethodType;)V' in 'java/lang/invoke/Invokers')}
  0x000001c611befe00: 8bde 48b9 | 10e3 193a | c601 0000 | 8b5b 0849 | ba00 0000 | 25c6 0100 | 0049 03da | 483b 9920 
  0x000001c611befe20: 0100 0075 | 0d48 8381 | 2801 0000 | 01e9 6000 | 0000 483b | 9930 0100 | 0075 0d48 | 8381 3801 
  0x000001c611befe40: 0000 01e9 | 4a00 0000 | 4883 b920 | 0100 0000 | 7517 4889 | 9920 0100 | 0048 c781 | 2801 0000 
  0x000001c611befe60: 0100 0000 | e929 0000 | 0048 83b9 | 3001 0000 | 0075 1748 | 8999 3001 | 0000 48c7 | 8138 0100 
  0x000001c611befe80: 0001 0000 | 00e9 0800 | 0000 4883 | 8110 0100 | 0001 8b5e | 1048 3bd8 

  0x000001c611befe98: ;   {metadata(method data for {method} {0x000001c6253dc728} 'checkExactType' '(Ljava/lang/invoke/MethodHandle;Ljava/lang/invoke/MethodType;)V' in 'java/lang/invoke/Invokers')}
  0x000001c611befe98: 48b8 10e3 | 193a c601 | 0000 48c7 | c158 0100 | 0075 0748 | c7c1 4801 | 0000 4c8b | 0408 4d8d 
  0x000001c611befeb8: 4001 4c89 | 0408 0f85 | cb06 0000 

  0x000001c611befec4: ;   {metadata(method data for {method} {0x000001c6250ae5c8} 'invokeExact_MT' '(Ljava/lang/Object;Ljava/lang/Object;Ljava/lang/Object;)Ljava/lang/Object;' in 'java/lang/invoke/Invokers$Holder')}
  0x000001c611befec4: 48bb 0883 | 1f3a c601 | 0000 488d | 9bc8 0100 | 008b 4608 | 49ba 0000 | 0025 c601 | 0000 4903 
  0x000001c611befee4: c24c 8bd0 | 4833 4308 | 48a9 fcff | ffff 7428 | a802 7524 | 48f7 4308 | feff ffff | 7416 498b 
  0x000001c611beff04: c248 3343 | 0848 a9fc | ffff ff74 | 0b48 834b | 0802 eb04 | 4889 4308 

  0x000001c611beff1c: ;   {metadata(method data for {method} {0x000001c6250ae5c8} 'invokeExact_MT' '(Ljava/lang/Object;Ljava/lang/Object;Ljava/lang/Object;)Ljava/lang/Object;' in 'java/lang/invoke/Invokers$Holder')}
  0x000001c611beff1c: 48bb 0883 | 1f3a c601 | 0000 4883 | 83b8 0100 

  0x000001c611beff2c: ;   {metadata(method data for {method} {0x000001c6253dc620} 'checkCustomized' '(Ljava/lang/invoke/MethodHandle;)V' in 'java/lang/invoke/Invokers')}
  0x000001c611beff2c: 0001 48bb | e0cb 193a | c601 0000 | 8b83 cc00 | 0000 83c0 | 0289 83cc | 0000 0025 | feff 1f00 
  0x000001c611beff4c: 85c0 0f84 | a911 0000 

  0x000001c611beff54: ;   {metadata(method data for {method} {0x000001c6253dc620} 'checkCustomized' '(Ljava/lang/invoke/MethodHandle;)V' in 'java/lang/invoke/Invokers')}
  0x000001c611beff54: 48bb e0cb | 193a c601 | 0000 4883 | 8310 0100 

  0x000001c611beff64: ;   {metadata(method data for {method} {0x000001c6250944d8} 'isCompileConstant' '(Ljava/lang/Object;)Z' in 'java/lang/invoke/MethodHandleImpl')}
  0x000001c611beff64: 0001 48bb | 90cd 193a | c601 0000 | 8b83 cc00 | 0000 83c0 | 0289 83cc | 0000 0025 | feff 1f00 
  0x000001c611beff84: 85c0 0f84 | 9211 0000 

  0x000001c611beff8c: ;   {metadata(method data for {method} {0x000001c6253dc620} 'checkCustomized' '(Ljava/lang/invoke/MethodHandle;)V' in 'java/lang/invoke/Invokers')}
  0x000001c611beff8c: 48bb e0cb | 193a c601 | 0000 ff83 | 2001 0000 | 8b5e 148b | 5b1c 4885 

  0x000001c611beffa4: ;   {metadata(method data for {method} {0x000001c6253dc620} 'checkCustomized' '(Ljava/lang/invoke/MethodHandle;)V' in 'java/lang/invoke/Invokers')}
  0x000001c611beffa4: db48 bbe0 | cb19 3ac6 | 0100 0048 | c7c0 4001 | 0000 7507 | 48c7 c050 | 0100 0048 | 8b0c 0348 
  0x000001c611beffc4: 8d49 0148 | 890c 030f | 8523 0000 

  0x000001c611beffd0: ;   {metadata(method data for {method} {0x000001c6253dc620} 'checkCustomized' '(Ljava/lang/invoke/MethodHandle;)V' in 'java/lang/invoke/Invokers')}
  0x000001c611beffd0: 0048 bbe0 | cb19 3ac6 | 0100 0048 | 8383 6001 | 0000 0148 

  0x000001c611beffe4: ;   {static_call}
  0x000001c611beffe4: 8bd6 90e8 

  0x000001c611beffe8: ; ImmutableOopMap {[152]=Oop [160]=Oop [168]=Oop }
                      ;*invokestatic maybeCustomize {reexecute=0 rethrow=0 return_oop=0}
                      ; - java.lang.invoke.Invokers::checkCustomized@19
                      ; - java.lang.invoke.Invokers$Holder::invokeExact_MT@14
                      ; - jdk.internal.reflect.DirectConstructorHandleAccessor::invokeImpl@53
                      ; - jdk.internal.reflect.DirectConstructorHandleAccessor::newInstance@60
  0x000001c611beffe8: 54f6 eeff 

  0x000001c611beffec: ;   {other}
  0x000001c611beffec: 0f1f 8400 | dc10 0003 | 488b bc24 | a000 0000 

  0x000001c611befffc: ;   {metadata(method data for {method} {0x000001c6250ae5c8} 'invokeExact_MT' '(Ljava/lang/Object;Ljava/lang/Object;Ljava/lang/Object;)Ljava/lang/Object;' in 'java/lang/invoke/Invokers$Holder')}
  0x000001c611befffc: 49b8 0883 | 1f3a c601 | 0000 4d8d | 8018 0200 | 0048 85ff | 750f 41f6 | 4008 0175 | 52f0 4983 
  0x000001c611bf001c: 4808 01eb | 4a8b 5708 | 49ba 0000 | 0025 c601 | 0000 4903 | d24c 8bd2 | 4933 5008 | 48f7 c2fc 
  0x000001c611bf003c: ffff ff74 | 2af6 c202 | 7525 49f7 | 4008 feff | ffff 7417 | 498b d249 | 3350 0848 | f7c2 fcff 
  0x000001c611bf005c: ffff 740b | 4983 4808 | 02eb 0449 | 8950 0848 | 8bb4 24a8 

  0x000001c611bf0070: ;   {metadata(method data for {method} {0x000001c6250ae5c8} 'invokeExact_MT' '(Ljava/lang/Object;Ljava/lang/Object;Ljava/lang/Object;)Ljava/lang/Object;' in 'java/lang/invoke/Invokers$Holder')}
  0x000001c611bf0070: 0000 0049 | b808 831f | 3ac6 0100 | 0049 8380 | e001 0000 | 014c 8bc7 | 488b 9424 | a800 0000 
  0x000001c611bf0090: 0f1f 8000 

  0x000001c611bf0094: ;   {optimized virtual_call}
  0x000001c611bf0094: 0000 00e8 

  0x000001c611bf0098: ; ImmutableOopMap {[152]=Oop }
                      ;*invokevirtual invokeBasic {reexecute=0 rethrow=0 return_oop=0}
                      ; - java.lang.invoke.Invokers$Holder::invokeExact_MT@19
                      ; - jdk.internal.reflect.DirectConstructorHandleAccessor::invokeImpl@53
                      ; - jdk.internal.reflect.DirectConstructorHandleAccessor::newInstance@60
  0x000001c611bf0098: 643b 8a07 

  0x000001c611bf009c: ;   {other}
  0x000001c611bf009c: 0f1f 8400 | 8c11 0004 

  0x000001c611bf00a4: ;   {metadata(method data for {method} {0x000001c6250ae5c8} 'invokeExact_MT' '(Ljava/lang/Object;Ljava/lang/Object;Ljava/lang/Object;)Ljava/lang/Object;' in 'java/lang/invoke/Invokers$Holder')}
  0x000001c611bf00a4: 48ba 0883 | 1f3a c601 | 0000 488d | 9228 0200 | 0048 85c0 | 750c f602 | 0175 4df0 | 4883 0a01 
  0x000001c611bf00c4: eb46 8b70 | 0849 ba00 | 0000 25c6 | 0100 0049 | 03f2 4c8b | d648 3332 | 48f7 c6fc | ffff ff74 
  0x000001c611bf00e4: 2740 f6c6 | 0275 2148 | f702 feff | ffff 7415 | 498b f248 | 3332 48f7 | c6fc ffff | ff74 0948 
  0x000001c611bf0104: 830a 02eb | 0348 8932 

  0x000001c611bf010c: ;   {metadata(method data for {method} {0x000001c62519d058} 'invokeImpl' '([Ljava/lang/Object;)Ljava/lang/Object;' in 'jdk/internal/reflect/DirectConstructorHandleAccessor')}
  0x000001c611bf010c: 48ba 6078 | 1f3a c601 | 0000 488d | 9218 0200 | 0048 85c0 | 750c f602 | 0175 4df0 | 4883 0a01 
  0x000001c611bf012c: eb46 8b70 | 0849 ba00 | 0000 25c6 | 0100 0049 | 03f2 4c8b | d648 3332 | 48f7 c6fc | ffff ff74 
  0x000001c611bf014c: 2740 f6c6 | 0275 2148 | f702 feff | ffff 7415 | 498b f248 | 3332 48f7 | c6fc ffff | ff74 0948 
  0x000001c611bf016c: 830a 02eb | 0348 8932 

  0x000001c611bf0174: ;   {metadata(method data for {method} {0x000001c62519d058} 'invokeImpl' '([Ljava/lang/Object;)Ljava/lang/Object;' in 'jdk/internal/reflect/DirectConstructorHandleAccessor')}
  0x000001c611bf0174: 48ba 6078 | 1f3a c601 | 0000 ff82 | 2802 0000 | 4881 c420 | 0100 005d 

  0x000001c611bf018c: ;   {poll_return}
  0x000001c611bf018c: 493b a750 | 0400 000f | 87ab 0f00 | 00c3 8b72 | 1048 89b4 | 24b0 0000 

  0x000001c611bf01a4: ;   {metadata(method data for {method} {0x000001c6250ae570} 'invokeExact_MT' '(Ljava/lang/Object;Ljava/lang/Object;)Ljava/lang/Object;' in 'java/lang/invoke/Invokers$Holder')}
  0x000001c611bf01a4: 0048 bf68 | 801f 3ac6 | 0100 0048 | 8dbf 8802 | 0000 4885 | f675 0cf6 | 0701 752f | f048 830f 
  0x000001c611bf01c4: 01eb 288b | 5e08 49ba | 0000 0025 | c601 0000 | 4903 da4c | 8bd3 4833 | 1f48 f7c3 | fcff ffff 
  0x000001c611bf01e4: 7409 f6c3 | 0275 0448 

  0x000001c611bf01ec: ;   {oop(a 'java/lang/invoke/MethodType'{0x00000000e07b1b98} = ()Ljava/lang/Object;)}
  0x000001c611bf01ec: 830f 0248 | bb98 1b7b | e000 0000 | 0048 85db | 750c f647 | 1001 7506 | f048 834f 

  0x000001c611bf0208: ;   {metadata(method data for {method} {0x000001c62519d058} 'invokeImpl' '([Ljava/lang/Object;)Ljava/lang/Object;' in 'jdk/internal/reflect/DirectConstructorHandleAccessor')}
  0x000001c611bf0208: 1001 48bf | 6078 1f3a | c601 0000 | 4883 8770 | 0100 0001 

  0x000001c611bf021c: ;   {metadata(method data for {method} {0x000001c6250ae570} 'invokeExact_MT' '(Ljava/lang/Object;Ljava/lang/Object;)Ljava/lang/Object;' in 'java/lang/invoke/Invokers$Holder')}
  0x000001c611bf021c: 48bf 6880 | 1f3a c601 | 0000 8b87 | cc00 0000 | 83c0 0289 | 87cc 0000 | 0025 feff | 1f00 85c0 
  0x000001c611bf023c: 0f84 180f 

  0x000001c611bf0240: ;   {metadata(method data for {method} {0x000001c6250ae570} 'invokeExact_MT' '(Ljava/lang/Object;Ljava/lang/Object;)Ljava/lang/Object;' in 'java/lang/invoke/Invokers$Holder')}
  0x000001c611bf0240: 0000 48bf | 6880 1f3a | c601 0000 | 488d bf90 | 0100 0048 | 85f6 750e | f647 0801 | 7530 f048 
  0x000001c611bf0260: 834f 0801 | eb28 8b46 | 0849 ba00 | 0000 25c6 | 0100 0049 | 03c2 4c8b | d048 3347 | 0848 a9fc 
  0x000001c611bf0280: ffff ff74 | 09a8 0275 | 0548 834f | 0802 4885 | db75 0cf6 | 4718 0175 | 06f0 4883 

  0x000001c611bf029c: ;   {metadata(method data for {method} {0x000001c6250ae570} 'invokeExact_MT' '(Ljava/lang/Object;Ljava/lang/Object;)Ljava/lang/Object;' in 'java/lang/invoke/Invokers$Holder')}
  0x000001c611bf029c: 4f18 0148 | bf68 801f | 3ac6 0100 | 0048 8387 | 8001 0000 

  0x000001c611bf02b0: ;   {metadata(method data for {method} {0x000001c6253dc728} 'checkExactType' '(Ljava/lang/invoke/MethodHandle;Ljava/lang/invoke/MethodType;)V' in 'java/lang/invoke/Invokers')}
  0x000001c611bf02b0: 0148 bf10 | e319 3ac6 | 0100 008b | 87cc 0000 | 0083 c002 | 8987 cc00 | 0000 25fe | ff1f 0085 
  0x000001c611bf02d0: c00f 84a4 | 0e00 0048 | 3b06 488b 

  0x000001c611bf02dc: ;   {metadata(method data for {method} {0x000001c6253dc728} 'checkExactType' '(Ljava/lang/invoke/MethodHandle;Ljava/lang/invoke/MethodType;)V' in 'java/lang/invoke/Invokers')}
  0x000001c611bf02dc: fe48 b810 | e319 3ac6 | 0100 008b | 7f08 49ba | 0000 0025 | c601 0000 | 4903 fa48 | 3bb8 2001 
  0x000001c611bf02fc: 0000 750d | 4883 8028 | 0100 0001 | e960 0000 | 0048 3bb8 | 3001 0000 | 750d 4883 | 8038 0100 
  0x000001c611bf031c: 0001 e94a | 0000 0048 | 83b8 2001 | 0000 0075 | 1748 89b8 | 2001 0000 | 48c7 8028 | 0100 0001 
  0x000001c611bf033c: 0000 00e9 | 2900 0000 | 4883 b830 | 0100 0000 | 7517 4889 | b830 0100 | 0048 c780 | 3801 0000 
  0x000001c611bf035c: 0100 0000 | e908 0000 | 0048 8380 | 1001 0000 | 018b 7e10 

  0x000001c611bf0370: ;   {metadata(method data for {method} {0x000001c6253dc728} 'checkExactType' '(Ljava/lang/invoke/MethodHandle;Ljava/lang/invoke/MethodType;)V' in 'java/lang/invoke/Invokers')}
  0x000001c611bf0370: 483b fb48 | bb10 e319 | 3ac6 0100 | 0048 c7c0 | 5801 0000 | 7507 48c7 | c048 0100 | 0048 8b0c 
  0x000001c611bf0390: 0348 8d49 | 0148 890c | 030f 85ab 

  0x000001c611bf039c: ;   {metadata(method data for {method} {0x000001c6250ae570} 'invokeExact_MT' '(Ljava/lang/Object;Ljava/lang/Object;)Ljava/lang/Object;' in 'java/lang/invoke/Invokers$Holder')}
  0x000001c611bf039c: 0100 0048 | bf68 801f | 3ac6 0100 | 0048 8dbf | c801 0000 | 8b5e 0849 | ba00 0000 | 25c6 0100 
  0x000001c611bf03bc: 0049 03da | 4c8b d348 | 335f 0848 | f7c3 fcff | ffff 740a | f6c3 0275 | 0548 834f 

  0x000001c611bf03d8: ;   {metadata(method data for {method} {0x000001c6250ae570} 'invokeExact_MT' '(Ljava/lang/Object;Ljava/lang/Object;)Ljava/lang/Object;' in 'java/lang/invoke/Invokers$Holder')}
  0x000001c611bf03d8: 0802 48bf | 6880 1f3a | c601 0000 | 4883 87b8 | 0100 0001 

  0x000001c611bf03ec: ;   {metadata(method data for {method} {0x000001c6253dc620} 'checkCustomized' '(Ljava/lang/invoke/MethodHandle;)V' in 'java/lang/invoke/Invokers')}
  0x000001c611bf03ec: 48bf e0cb | 193a c601 | 0000 8b9f | cc00 0000 | 83c3 0289 | 9fcc 0000 | 0081 e3fe | ff1f 0085 
  0x000001c611bf040c: db0f 848e 

  0x000001c611bf0410: ;   {metadata(method data for {method} {0x000001c6253dc620} 'checkCustomized' '(Ljava/lang/invoke/MethodHandle;)V' in 'java/lang/invoke/Invokers')}
  0x000001c611bf0410: 0d00 0048 | bfe0 cb19 | 3ac6 0100 | 0048 8387 | 1001 0000 

  0x000001c611bf0424: ;   {metadata(method data for {method} {0x000001c6250944d8} 'isCompileConstant' '(Ljava/lang/Object;)Z' in 'java/lang/invoke/MethodHandleImpl')}
  0x000001c611bf0424: 0148 bf90 | cd19 3ac6 | 0100 008b | 9fcc 0000 | 0083 c302 | 899f cc00 | 0000 81e3 | feff 1f00 
  0x000001c611bf0444: 85db 0f84 | 760d 0000 

  0x000001c611bf044c: ;   {metadata(method data for {method} {0x000001c6253dc620} 'checkCustomized' '(Ljava/lang/invoke/MethodHandle;)V' in 'java/lang/invoke/Invokers')}
  0x000001c611bf044c: 48bf e0cb | 193a c601 | 0000 ff87 | 2001 0000 | 8b7e 148b | 7f1c 4885 

  0x000001c611bf0464: ;   {metadata(method data for {method} {0x000001c6253dc620} 'checkCustomized' '(Ljava/lang/invoke/MethodHandle;)V' in 'java/lang/invoke/Invokers')}
  0x000001c611bf0464: ff48 bfe0 | cb19 3ac6 | 0100 0048 | c7c3 4001 | 0000 7507 | 48c7 c350 | 0100 0048 | 8b04 1f48 
  0x000001c611bf0484: 8d40 0148 | 8904 1f0f | 8523 0000 

  0x000001c611bf0490: ;   {metadata(method data for {method} {0x000001c6253dc620} 'checkCustomized' '(Ljava/lang/invoke/MethodHandle;)V' in 'java/lang/invoke/Invokers')}
  0x000001c611bf0490: 0048 bfe0 | cb19 3ac6 | 0100 0048 | 8387 6001 | 0000 0148 

  0x000001c611bf04a4: ;   {static_call}
  0x000001c611bf04a4: 8bd6 90e8 

  0x000001c611bf04a8: ; ImmutableOopMap {[152]=Oop [176]=Oop }
                      ;*invokestatic maybeCustomize {reexecute=0 rethrow=0 return_oop=0}
                      ; - java.lang.invoke.Invokers::checkCustomized@19
                      ; - java.lang.invoke.Invokers$Holder::invokeExact_MT@14
                      ; - jdk.internal.reflect.DirectConstructorHandleAccessor::invokeImpl@40
                      ; - jdk.internal.reflect.DirectConstructorHandleAccessor::newInstance@60
  0x000001c611bf04a8: 94f1 eeff 

  0x000001c611bf04ac: ;   {other}
  0x000001c611bf04ac: 0f1f 8400 | 9c15 0005 | 488b b424 | b000 0000 

  0x000001c611bf04bc: ;   {metadata(method data for {method} {0x000001c6250ae570} 'invokeExact_MT' '(Ljava/lang/Object;Ljava/lang/Object;)Ljava/lang/Object;' in 'java/lang/invoke/Invokers$Holder')}
  0x000001c611bf04bc: 48ba 6880 | 1f3a c601 | 0000 4883 | 82e0 0100 | 0001 488b | 9424 b000 

  0x000001c611bf04d4: ;   {optimized virtual_call}
  0x000001c611bf04d4: 0000 90e8 

  0x000001c611bf04d8: ; ImmutableOopMap {[152]=Oop }
                      ;*invokevirtual invokeBasic {reexecute=0 rethrow=0 return_oop=0}
                      ; - java.lang.invoke.Invokers$Holder::invokeExact_MT@18
                      ; - jdk.internal.reflect.DirectConstructorHandleAccessor::invokeImpl@40
                      ; - jdk.internal.reflect.DirectConstructorHandleAccessor::newInstance@60
  0x000001c611bf04d8: 242e 8a07 

  0x000001c611bf04dc: ;   {other}
  0x000001c611bf04dc: 0f1f 8400 | cc15 0006 

  0x000001c611bf04e4: ;   {metadata(method data for {method} {0x000001c6250ae570} 'invokeExact_MT' '(Ljava/lang/Object;Ljava/lang/Object;)Ljava/lang/Object;' in 'java/lang/invoke/Invokers$Holder')}
  0x000001c611bf04e4: 48ba 6880 | 1f3a c601 | 0000 488d | 9218 0200 | 0048 85c0 | 750a f602 | 0175 05f0 | 4883 0a01 
  0x000001c611bf0504: ;   {metadata(method data for {method} {0x000001c62519d058} 'invokeImpl' '([Ljava/lang/Object;)Ljava/lang/Object;' in 'jdk/internal/reflect/DirectConstructorHandleAccessor')}
  0x000001c611bf0504: 48ba 6078 | 1f3a c601 | 0000 488d | 92a8 0100 | 0048 85c0 | 750a f602 | 0175 05f0 | 4883 0a01 
  0x000001c611bf0524: ;   {metadata(method data for {method} {0x000001c62519d058} 'invokeImpl' '([Ljava/lang/Object;)Ljava/lang/Object;' in 'jdk/internal/reflect/DirectConstructorHandleAccessor')}
  0x000001c611bf0524: 48ba 6078 | 1f3a c601 | 0000 ff82 | b801 0000 | 4881 c420 | 0100 005d 

  0x000001c611bf053c: ;   {poll_return}
  0x000001c611bf053c: 493b a750 | 0400 000f | 879f 0c00 

  0x000001c611bf0548: ;   {metadata(method data for {method} {0x000001c6253dc728} 'checkExactType' '(Ljava/lang/invoke/MethodHandle;Ljava/lang/invoke/MethodType;)V' in 'java/lang/invoke/Invokers')}
  0x000001c611bf0548: 00c3 48ba | 10e3 193a | c601 0000 | 4883 8268 | 0100 0001 

  0x000001c611bf055c: ;   {oop(a 'java/lang/invoke/MethodType'{0x00000000e07b1b98} = ()Ljava/lang/Object;)}
  0x000001c611bf055c: 49b8 981b | 7be0 0000 | 0000 488b | d766 0f1f 

  0x000001c611bf056c: ;   {static_call}
  0x000001c611bf056c: 4400 00e8 

  0x000001c611bf0570: ; ImmutableOopMap {[152]=Oop [176]=Oop }
                      ;*invokestatic newWrongMethodTypeException {reexecute=0 rethrow=0 return_oop=0}
                      ; - java.lang.invoke.Invokers::checkExactType@12
                      ; - java.lang.invoke.Invokers$Holder::invokeExact_MT@10
                      ; - jdk.internal.reflect.DirectConstructorHandleAccessor::invokeImpl@40
                      ; - jdk.internal.reflect.DirectConstructorHandleAccessor::newInstance@60
  0x000001c611bf0570: 0cf3 1907 

  0x000001c611bf0574: ;   {other}
  0x000001c611bf0574: 0f1f 8400 | 6416 0007 

  0x000001c611bf057c: ; implicit exception: dispatches to 0x000001c611bf11fe
                      ; ImmutableOopMap {rax=Oop [152]=Oop [176]=Oop }
                      ;*athrow {reexecute=1 rethrow=0 return_oop=0}
                      ; - (reexecute) java.lang.invoke.Invokers::checkExactType@15
                      ; - java.lang.invoke.Invokers$Holder::invokeExact_MT@10
                      ; - jdk.internal.reflect.DirectConstructorHandleAccessor::invokeImpl@40
                      ; - jdk.internal.reflect.DirectConstructorHandleAccessor::newInstance@60
                      ;   {section_word}
  0x000001c611bf057c: 483b 0048 | ba7f 05bf | 11c6 0100 

  0x000001c611bf0588: ;   {runtime_call handle_exception_nofpu Runtime1 stub}
  0x000001c611bf0588: 00e8 f28f 

  0x000001c611bf058c: ;   {metadata(method data for {method} {0x000001c6253dc728} 'checkExactType' '(Ljava/lang/invoke/MethodHandle;Ljava/lang/invoke/MethodType;)V' in 'java/lang/invoke/Invokers')}
  0x000001c611bf058c: 2607 9048 | ba10 e319 | 3ac6 0100 | 0048 8382 | 6801 0000 

  0x000001c611bf05a0: ;   {oop(a 'java/lang/invoke/MethodType'{0x00000000e07b1b20} = (Ljava/lang/Object;)Ljava/lang/Object;)}
  0x000001c611bf05a0: 0149 b820 | 1b7b e000 | 0000 0048 

  0x000001c611bf05ac: ;   {static_call}
  0x000001c611bf05ac: 8bd3 90e8 

  0x000001c611bf05b0: ; ImmutableOopMap {[152]=Oop [160]=Oop [168]=Oop }
                      ;*invokestatic newWrongMethodTypeException {reexecute=0 rethrow=0 return_oop=0}
                      ; - java.lang.invoke.Invokers::checkExactType@12
                      ; - java.lang.invoke.Invokers$Holder::invokeExact_MT@10
                      ; - jdk.internal.reflect.DirectConstructorHandleAccessor::invokeImpl@53
                      ; - jdk.internal.reflect.DirectConstructorHandleAccessor::newInstance@60
  0x000001c611bf05b0: ccf2 1907 

  0x000001c611bf05b4: ;   {other}
  0x000001c611bf05b4: 0f1f 8400 | a416 0009 

  0x000001c611bf05bc: ; implicit exception: dispatches to 0x000001c611bf1203
                      ; ImmutableOopMap {rax=Oop [152]=Oop [160]=Oop [168]=Oop }
                      ;*athrow {reexecute=1 rethrow=0 return_oop=0}
                      ; - (reexecute) java.lang.invoke.Invokers::checkExactType@15
                      ; - java.lang.invoke.Invokers$Holder::invokeExact_MT@10
                      ; - jdk.internal.reflect.DirectConstructorHandleAccessor::invokeImpl@53
                      ; - jdk.internal.reflect.DirectConstructorHandleAccessor::newInstance@60
                      ;   {section_word}
  0x000001c611bf05bc: 483b 0048 | babf 05bf | 11c6 0100 

  0x000001c611bf05c8: ;   {runtime_call handle_exception_nofpu Runtime1 stub}
  0x000001c611bf05c8: 00e8 b28f | 2607 9049 | 8b87 0005 | 0000 4d33 | d24d 8997 | 0005 0000 | 4d33 d24d | 8997 0805 
  0x000001c611bf05e8: 0000 488b | 9424 9800 

  0x000001c611bf05f0: ;   {metadata(method data for {method} {0x000001c62519d000} 'newInstance' '([Ljava/lang/Object;)Ljava/lang/Object;' in 'jdk/internal/reflect/DirectConstructorHandleAccessor')}
  0x000001c611bf05f0: 0000 49b8 | 407c 1f3a | c601 0000 | 4983 8050 | 0300 0001 

  0x000001c611bf0604: ;   {metadata(method data for {method} {0x000001c6253c81a8} 'isIllegalArgument' '(Ljava/lang/RuntimeException;)Z' in 'jdk/internal/reflect/DirectConstructorHandleAccessor')}
  0x000001c611bf0604: 48ba 188d | 1f3a c601 | 0000 448b | 82cc 0000 | 0041 83c0 | 0244 8982 | cc00 0000 | 4181 e0fe 
  0x000001c611bf0624: ff1f 0045 | 85c0 0f84 | d80b 0000 

  0x000001c611bf0630: ;   {oop(a 'java/lang/Class'{0x00000000e076e960} = 'jdk/internal/reflect/DirectConstructorHandleAccessor')}
  0x000001c611bf0630: 48ba 60e9 | 76e0 0000 | 0000 4c8b | c048 8984 | 24b8 0000 

  0x000001c611bf0644: ;   {static_call}
  0x000001c611bf0644: 0066 90e8 

  0x000001c611bf0648: ; ImmutableOopMap {[184]=Oop }
                      ;*invokestatic isIllegalArgument {reexecute=0 rethrow=0 return_oop=0}
                      ; - jdk.internal.reflect.DirectConstructorHandleAccessor::isIllegalArgument@3
                      ; - jdk.internal.reflect.DirectConstructorHandleAccessor::newInstance@96
  0x000001c611bf0648: 34f2 1907 

  0x000001c611bf064c: ;   {other}
  0x000001c611bf064c: 0f1f 8400 | 3c17 000b | 83e0 0185 

  0x000001c611bf0658: ;   {metadata(method data for {method} {0x000001c62519d000} 'newInstance' '([Ljava/lang/Object;)Ljava/lang/Object;' in 'jdk/internal/reflect/DirectConstructorHandleAccessor')}
  0x000001c611bf0658: c048 b840 | 7c1f 3ac6 | 0100 0048 | c7c2 8803 | 0000 7407 | 48c7 c298 | 0300 004c | 8b04 104d 
  0x000001c611bf0678: 8d40 014c | 8904 100f | 84c4 0200 | 00e9 1702 | 0000 498b | 8700 0500 | 004d 33d2 | 4d89 9700 
  0x000001c611bf0698: 0500 004d | 33d2 4d89 | 9708 0500 | 0048 8b94 | 2498 0000 

  0x000001c611bf06ac: ;   {metadata(method data for {method} {0x000001c62519d000} 'newInstance' '([Ljava/lang/Object;)Ljava/lang/Object;' in 'jdk/internal/reflect/DirectConstructorHandleAccessor')}
  0x000001c611bf06ac: 0049 b840 | 7c1f 3ac6 | 0100 0049 | 8380 d802 

  0x000001c611bf06bc: ;   {metadata(method data for {method} {0x000001c6253c81a8} 'isIllegalArgument' '(Ljava/lang/RuntimeException;)Z' in 'jdk/internal/reflect/DirectConstructorHandleAccessor')}
  0x000001c611bf06bc: 0000 0148 | ba18 8d1f | 3ac6 0100 | 0044 8b82 | cc00 0000 | 4183 c002 | 4489 82cc | 0000 0041 
  0x000001c611bf06dc: 81e0 feff | 1f00 4585 | c00f 843e 

  0x000001c611bf06e8: ;   {oop(a 'java/lang/Class'{0x00000000e076e960} = 'jdk/internal/reflect/DirectConstructorHandleAccessor')}
  0x000001c611bf06e8: 0b00 0048 | ba60 e976 | e000 0000 | 004c 8bc0 | 4889 8424 | c000 0000 | 0f1f 8000 

  0x000001c611bf0704: ;   {static_call}
  0x000001c611bf0704: 0000 00e8 

  0x000001c611bf0708: ; ImmutableOopMap {[192]=Oop }
                      ;*invokestatic isIllegalArgument {reexecute=0 rethrow=0 return_oop=0}
                      ; - jdk.internal.reflect.DirectConstructorHandleAccessor::isIllegalArgument@3
                      ; - jdk.internal.reflect.DirectConstructorHandleAccessor::newInstance@67
  0x000001c611bf0708: 74f1 1907 

  0x000001c611bf070c: ;   {other}
  0x000001c611bf070c: 0f1f 8400 | fc17 000c | 83e0 0185 

  0x000001c611bf0718: ;   {metadata(method data for {method} {0x000001c62519d000} 'newInstance' '([Ljava/lang/Object;)Ljava/lang/Object;' in 'jdk/internal/reflect/DirectConstructorHandleAccessor')}
  0x000001c611bf0718: c048 ba40 | 7c1f 3ac6 | 0100 0048 | c7c6 1003 | 0000 7407 | 48c7 c620 | 0300 0048 | 8b3c 3248 
  0x000001c611bf0738: 8d7f 0148 | 893c 320f | 84ac 0000 | 0066 6690 

  0x000001c611bf0748: ;   {no_reloc}
  0x000001c611bf0748: e90c 0b00 | 0000 0000 | 0000 498b | 87b8 0100 | 0048 8d78 | 2849 3bbf | c801 0000 | 0f87 f90a 
  0x000001c611bf0768: 0000 4989 | bfb8 0100 | 0048 c700 | 0100 0000 | 488b ca49 | ba00 0000 | 25c6 0100 | 0049 2bca 
  0x000001c611bf0788: 8948 0848 | 33c9 8948 | 0c48 33c9 | 4889 4810 | 4889 4818 | 4889 4820 

  0x000001c611bf07a0: ;   {metadata(method data for {method} {0x000001c62519d000} 'newInstance' '([Ljava/lang/Object;)Ljava/lang/Object;' in 'jdk/internal/reflect/DirectConstructorHandleAccessor')}
  0x000001c611bf07a0: 4c8b c049 | b940 7c1f | 3ac6 0100 | 0049 8381 | 3003 0000 

  0x000001c611bf07b4: ;   {oop("argument type mismatch"{0x00000000e95db550})}
  0x000001c611bf07b4: 0149 b850 | b55d e900 | 0000 004c | 8b8c 24c0 | 0000 0048 | 8bd0 4889 | 8424 c800 | 0000 0f1f 
  0x000001c611bf07d4: ;   {optimized virtual_call}
  0x000001c611bf07d4: 4400 00e8 

  0x000001c611bf07d8: ; ImmutableOopMap {[200]=Oop }
                      ;*invokespecial <init> {reexecute=0 rethrow=0 return_oop=0}
                      ; - jdk.internal.reflect.DirectConstructorHandleAccessor::newInstance@80
  0x000001c611bf07d8: a4e6 1907 

  0x000001c611bf07dc: ;   {other}
  0x000001c611bf07dc: 0f1f 8400 | cc18 000d | 488b 8424 | c800 0000 | e96a 0c00 | 004c 8b84 | 24c0 0000 | 000f 1f80 
  0x000001c611bf07fc: 0000 0000 

  0x000001c611bf0800: ;   {no_reloc}
  0x000001c611bf0800: e97a 0a00 | 0000 0000 | 0000 80ba | 3101 0000 | 040f 8577 | 0a00 0049 | 8b87 b801 | 0000 488d 
  0x000001c611bf0820: 7828 493b | bfc8 0100 | 000f 875f | 0a00 0049 | 89bf b801 | 0000 48c7 | 0001 0000 | 0048 8bca 
  0x000001c611bf0840: 49ba 0000 | 0025 c601 | 0000 492b | ca89 4808 | 4833 c989 | 480c 4833 | c948 8948 | 1048 8948 
  0x000001c611bf0860: 1848 8948 | 2048 8bd0 

  0x000001c611bf0868: ;   {metadata(method data for {method} {0x000001c62519d000} 'newInstance' '([Ljava/lang/Object;)Ljava/lang/Object;' in 'jdk/internal/reflect/DirectConstructorHandleAccessor')}
  0x000001c611bf0868: 48be 407c | 1f3a c601 | 0000 4883 | 8640 0300 | 0001 488b | d048 8984 | 24d0 0000 

  0x000001c611bf0884: ;   {optimized virtual_call}
  0x000001c611bf0884: 0066 90e8 

  0x000001c611bf0888: ; ImmutableOopMap {[208]=Oop }
                      ;*invokespecial <init> {reexecute=0 rethrow=0 return_oop=0}
                      ; - jdk.internal.reflect.DirectConstructorHandleAccessor::newInstance@89
  0x000001c611bf0888: f4e5 1907 

  0x000001c611bf088c: ;   {other}
  0x000001c611bf088c: 0f1f 8400 | 7c19 000e | 488b 8424 | d000 0000 | e9ba 0b00 | 000f 1f80 | 0000 0000 

  0x000001c611bf08a8: ;   {no_reloc}
  0x000001c611bf08a8: e9fd 0900 | 0000 0000 | 0000 498b | 87b8 0100 | 0048 8d78 | 2849 3bbf | c801 0000 | 0f87 ea09 
  0x000001c611bf08c8: 0000 4989 | bfb8 0100 | 0048 c700 | 0100 0000 | 488b ca49 | ba00 0000 | 25c6 0100 | 0049 2bca 
  0x000001c611bf08e8: 8948 0848 | 33c9 8948 | 0c48 33c9 | 4889 4810 | 4889 4818 | 4889 4820 

  0x000001c611bf0900: ;   {metadata(method data for {method} {0x000001c62519d000} 'newInstance' '([Ljava/lang/Object;)Ljava/lang/Object;' in 'jdk/internal/reflect/DirectConstructorHandleAccessor')}
  0x000001c611bf0900: 4c8b c048 | ba40 7c1f | 3ac6 0100 | 0048 8382 | a803 0000 | 014c 8b84 | 24b8 0000 | 0048 8bd0 
  0x000001c611bf0920: 4889 8424 | d800 0000 | 0f1f 8000 

  0x000001c611bf092c: ;   {optimized virtual_call}
  0x000001c611bf092c: 0000 00e8 

  0x000001c611bf0930: ; ImmutableOopMap {[216]=Oop }
                      ;*invokespecial <init> {reexecute=0 rethrow=0 return_oop=0}
                      ; - jdk.internal.reflect.DirectConstructorHandleAccessor::newInstance@107
  0x000001c611bf0930: 4ce5 1907 

  0x000001c611bf0934: ;   {other}
  0x000001c611bf0934: 0f1f 8400 | 241a 000f | 488b 8424 | d800 0000 | e912 0b00 | 004c 8b84 | 24b8 0000 | 000f 1f80 
  0x000001c611bf0954: 0000 0000 

  0x000001c611bf0958: ;   {no_reloc}
  0x000001c611bf0958: e973 0900 | 0000 0000 | 0000 80ba | 3101 0000 | 040f 8570 | 0900 0049 | 8b87 b801 | 0000 488d 
  0x000001c611bf0978: 7828 493b | bfc8 0100 | 000f 8758 | 0900 0049 | 89bf b801 | 0000 48c7 | 0001 0000 | 0048 8bca 
  0x000001c611bf0998: 49ba 0000 | 0025 c601 | 0000 492b | ca89 4808 | 4833 c989 | 480c 4833 | c948 8948 | 1048 8948 
  0x000001c611bf09b8: 1848 8948 | 2048 8bd0 

  0x000001c611bf09c0: ;   {metadata(method data for {method} {0x000001c62519d000} 'newInstance' '([Ljava/lang/Object;)Ljava/lang/Object;' in 'jdk/internal/reflect/DirectConstructorHandleAccessor')}
  0x000001c611bf09c0: 48be 407c | 1f3a c601 | 0000 4883 | 86b8 0300 | 0001 488b | d048 8984 | 24e0 0000 

  0x000001c611bf09dc: ;   {optimized virtual_call}
  0x000001c611bf09dc: 0066 90e8 

  0x000001c611bf09e0: ; ImmutableOopMap {[224]=Oop }
                      ;*invokespecial <init> {reexecute=0 rethrow=0 return_oop=0}
                      ; - jdk.internal.reflect.DirectConstructorHandleAccessor::newInstance@116
  0x000001c611bf09e0: 9ce4 1907 

  0x000001c611bf09e4: ;   {other}
  0x000001c611bf09e4: 0f1f 8400 | d41a 0010 | 488b 8424 | e000 0000 | e962 0a00 | 0044 898c | 24f0 0000 | 000f 1f80 
  0x000001c611bf0a04: 0000 0000 

  0x000001c611bf0a08: ;   {no_reloc}
  0x000001c611bf0a08: e9ee 0800 | 0000 0000 | 0000 498b | 87b8 0100 | 0048 8d78 | 2849 3bbf | c801 0000 | 0f87 db08 
  0x000001c611bf0a28: 0000 4989 | bfb8 0100 | 0048 c700 | 0100 0000 | 488b ca49 | ba00 0000 | 25c6 0100 | 0049 2bca 
  0x000001c611bf0a48: 8948 0848 | 33c9 8948 | 0c48 33c9 | 4889 4810 | 4889 4818 | 4889 4820 

  0x000001c611bf0a60: ;   {metadata('java/lang/StringBuilder')}
  0x000001c611bf0a60: 48ba 4080 | 0025 c601 | 0000 4889 | 8424 f800 | 0000 498b | 87b8 0100 | 0048 8d78 | 1849 3bbf 
  0x000001c611bf0a80: c801 0000 | 0f87 8808 | 0000 4989 | bfb8 0100 | 0048 c700 | 0100 0000 | 488b ca49 | ba00 0000 
  0x000001c611bf0aa0: 25c6 0100 | 0049 2bca | 8948 0848 | 33c9 8948 | 0c48 33c9 | 4889 4810 

  0x000001c611bf0ab8: ;   {metadata(method data for {method} {0x000001c62519d000} 'newInstance' '([Ljava/lang/Object;)Ljava/lang/Object;' in 'jdk/internal/reflect/DirectConstructorHandleAccessor')}
  0x000001c611bf0ab8: 4c8b c048 | ba40 7c1f | 3ac6 0100 | 0048 8382 | 6801 0000 

  0x000001c611bf0acc: ;   {metadata(method data for {method} {0x000001c625461cf8} '<init>' '()V' in 'java/lang/StringBuilder')}
  0x000001c611bf0acc: 0149 b8f0 | c100 3ac6 | 0100 0041 | 8b90 cc00 | 0000 83c2 | 0241 8990 | cc00 0000 | 81e2 feff 
  0x000001c611bf0aec: 1f00 85d2 | 0f84 2908 | 0000 4c8b 

  0x000001c611bf0af8: ;   {metadata(method data for {method} {0x000001c625461cf8} '<init>' '()V' in 'java/lang/StringBuilder')}
  0x000001c611bf0af8: c048 baf0 | c100 3ac6 | 0100 0048 | 8382 1001 | 0000 0141 | b810 0000 | 0048 8bd0 | 4889 8424 
  0x000001c611bf0b18: e800 0000 

  0x000001c611bf0b1c: ;   {optimized virtual_call}
  0x000001c611bf0b1c: 6666 90e8 

  0x000001c611bf0b20: ; ImmutableOopMap {[152]=Oop [232]=Oop [248]=Oop }
                      ;*invokespecial <init> {reexecute=0 rethrow=0 return_oop=0}
                      ; - java.lang.StringBuilder::<init>@3
                      ; - jdk.internal.reflect.DirectConstructorHandleAccessor::newInstance@27
  0x000001c611bf0b20: 5ce3 1907 

  0x000001c611bf0b24: ;   {other}
  0x000001c611bf0b24: 0f1f 8400 | 141c 0011 | 488b 8424 | e800 0000 

  0x000001c611bf0b34: ;   {metadata(method data for {method} {0x000001c62519d000} 'newInstance' '([Ljava/lang/Object;)Ljava/lang/Object;' in 'jdk/internal/reflect/DirectConstructorHandleAccessor')}
  0x000001c611bf0b34: 49b8 407c | 1f3a c601 | 0000 4983 | 8078 0100 

  0x000001c611bf0b44: ;   {metadata(method data for {method} {0x000001c625461ae8} 'append' '(Ljava/lang/String;)Ljava/lang/StringBuilder;' in 'java/lang/StringBuilder')}
  0x000001c611bf0b44: 0001 49b8 | a0c5 003a | c601 0000 | 418b 90cc | 0000 0083 | c202 4189 | 90cc 0000 | 0081 e2fe 
  0x000001c611bf0b64: ff1f 0085 | d20f 84d1 | 0700 0048 | 8b84 24e8 

  0x000001c611bf0b74: ;   {metadata(method data for {method} {0x000001c625461ae8} 'append' '(Ljava/lang/String;)Ljava/lang/StringBuilder;' in 'java/lang/StringBuilder')}
  0x000001c611bf0b74: 0000 0049 | b8a0 c500 | 3ac6 0100 | 0049 8380 | 1001 0000 

  0x000001c611bf0b88: ;   {oop("wrong number of arguments: "{0x00000000e95db4b0})}
  0x000001c611bf0b88: 0149 b8b0 | b45d e900 | 0000 0048 | 8b94 24e8 | 0000 000f 

  0x000001c611bf0b9c: ;   {optimized virtual_call}
  0x000001c611bf0b9c: 1f40 00e8 

  0x000001c611bf0ba0: ; ImmutableOopMap {[152]=Oop [232]=Oop [248]=Oop }
                      ;*invokespecial append {reexecute=0 rethrow=0 return_oop=0}
                      ; - java.lang.StringBuilder::append@2
                      ; - jdk.internal.reflect.DirectConstructorHandleAccessor::newInstance@32
  0x000001c611bf0ba0: dce2 1907 

  0x000001c611bf0ba4: ;   {other}
  0x000001c611bf0ba4: 0f1f 8400 | 941c 0012 | 488b 8424 | e800 0000 

  0x000001c611bf0bb4: ;   {metadata(method data for {method} {0x000001c62519d000} 'newInstance' '([Ljava/lang/Object;)Ljava/lang/Object;' in 'jdk/internal/reflect/DirectConstructorHandleAccessor')}
  0x000001c611bf0bb4: 49b8 407c | 1f3a c601 | 0000 4983 | 80b0 0100 

  0x000001c611bf0bc4: ;   {metadata(method data for {method} {0x000001c625461880} 'append' '(I)Ljava/lang/StringBuilder;' in 'java/lang/StringBuilder')}
  0x000001c611bf0bc4: 0001 49b8 | 48c9 003a | c601 0000 | 418b 90cc | 0000 0083 | c202 4189 | 90cc 0000 | 0081 e2fe 
  0x000001c611bf0be4: ff1f 0085 | d20f 8472 | 0700 0048 | 8b84 24e8 

  0x000001c611bf0bf4: ;   {metadata(method data for {method} {0x000001c625461880} 'append' '(I)Ljava/lang/StringBuilder;' in 'java/lang/StringBuilder')}
  0x000001c611bf0bf4: 0000 0049 | b848 c900 | 3ac6 0100 | 0049 8380 | 1001 0000 | 0144 8b84 | 24f0 0000 | 0048 8b94 
  0x000001c611bf0c14: 24e8 0000 | 0066 0f1f 

  0x000001c611bf0c1c: ;   {optimized virtual_call}
  0x000001c611bf0c1c: 4400 00e8 

  0x000001c611bf0c20: ; ImmutableOopMap {[152]=Oop [232]=Oop [248]=Oop }
                      ;*invokespecial append {reexecute=0 rethrow=0 return_oop=0}
                      ; - java.lang.StringBuilder::append@2
                      ; - jdk.internal.reflect.DirectConstructorHandleAccessor::newInstance@36
  0x000001c611bf0c20: 5ce2 1907 

  0x000001c611bf0c24: ;   {other}
  0x000001c611bf0c24: 0f1f 8400 | 141d 0013 | 488b 8424 | e800 0000 

  0x000001c611bf0c34: ;   {metadata(method data for {method} {0x000001c62519d000} 'newInstance' '([Ljava/lang/Object;)Ljava/lang/Object;' in 'jdk/internal/reflect/DirectConstructorHandleAccessor')}
  0x000001c611bf0c34: 49b8 407c | 1f3a c601 | 0000 4983 | 80e8 0100 

  0x000001c611bf0c44: ;   {metadata(method data for {method} {0x000001c625461ae8} 'append' '(Ljava/lang/String;)Ljava/lang/StringBuilder;' in 'java/lang/StringBuilder')}
  0x000001c611bf0c44: 0001 49b8 | a0c5 003a | c601 0000 | 418b 90cc | 0000 0083 | c202 4189 | 90cc 0000 | 0081 e2fe 
  0x000001c611bf0c64: ff1f 0085 | d20f 8413 | 0700 0048 | 8b84 24e8 

  0x000001c611bf0c74: ;   {metadata(method data for {method} {0x000001c625461ae8} 'append' '(Ljava/lang/String;)Ljava/lang/StringBuilder;' in 'java/lang/StringBuilder')}
  0x000001c611bf0c74: 0000 0049 | b8a0 c500 | 3ac6 0100 | 0049 8380 | 1001 0000 

  0x000001c611bf0c88: ;   {oop(" expected: "{0x00000000e95db478})}
  0x000001c611bf0c88: 0149 b878 | b45d e900 | 0000 0048 | 8b94 24e8 | 0000 000f 

  0x000001c611bf0c9c: ;   {optimized virtual_call}
  0x000001c611bf0c9c: 1f40 00e8 

  0x000001c611bf0ca0: ; ImmutableOopMap {[152]=Oop [232]=Oop [248]=Oop }
                      ;*invokespecial append {reexecute=0 rethrow=0 return_oop=0}
                      ; - java.lang.StringBuilder::append@2
                      ; - jdk.internal.reflect.DirectConstructorHandleAccessor::newInstance@41
  0x000001c611bf0ca0: dce1 1907 

  0x000001c611bf0ca4: ;   {other}
  0x000001c611bf0ca4: 0f1f 8400 | 941d 0014 | 488b 9424 | 9800 0000 | 448b 420c | 488b 8424 | e800 0000 

  0x000001c611bf0cc0: ;   {metadata(method data for {method} {0x000001c62519d000} 'newInstance' '([Ljava/lang/Object;)Ljava/lang/Object;' in 'jdk/internal/reflect/DirectConstructorHandleAccessor')}
  0x000001c611bf0cc0: 48ba 407c | 1f3a c601 | 0000 4883 | 8220 0200 

  0x000001c611bf0cd0: ;   {metadata(method data for {method} {0x000001c625461880} 'append' '(I)Ljava/lang/StringBuilder;' in 'java/lang/StringBuilder')}
  0x000001c611bf0cd0: 0001 48ba | 48c9 003a | c601 0000 | 8bb2 cc00 | 0000 83c6 | 0289 b2cc | 0000 0081 | e6fe ff1f 
  0x000001c611bf0cf0: 0085 f60f | 84aa 0600 | 0048 8b84 | 24e8 0000 

  0x000001c611bf0d00: ;   {metadata(method data for {method} {0x000001c625461880} 'append' '(I)Ljava/lang/StringBuilder;' in 'java/lang/StringBuilder')}
  0x000001c611bf0d00: 0048 ba48 | c900 3ac6 | 0100 0048 | 8382 1001 | 0000 0148 | 8b94 24e8 | 0000 000f 

  0x000001c611bf0d1c: ;   {optimized virtual_call}
  0x000001c611bf0d1c: 1f40 00e8 

  0x000001c611bf0d20: ; ImmutableOopMap {[232]=Oop [248]=Oop }
                      ;*invokespecial append {reexecute=0 rethrow=0 return_oop=0}
                      ; - java.lang.StringBuilder::append@2
                      ; - jdk.internal.reflect.DirectConstructorHandleAccessor::newInstance@48
  0x000001c611bf0d20: 5ce1 1907 

  0x000001c611bf0d24: ;   {other}
  0x000001c611bf0d24: 0f1f 8400 | 141e 0015 | 488b 8424 | e800 0000 

  0x000001c611bf0d34: ;   {metadata(method data for {method} {0x000001c62519d000} 'newInstance' '([Ljava/lang/Object;)Ljava/lang/Object;' in 'jdk/internal/reflect/DirectConstructorHandleAccessor')}
  0x000001c611bf0d34: 48ba 407c | 1f3a c601 | 0000 4883 | 8258 0200 

  0x000001c611bf0d44: ;   {metadata(method data for {method} {0x000001c625008958} 'toString' '()Ljava/lang/String;' in 'java/lang/StringBuilder')}
  0x000001c611bf0d44: 0001 48ba | 88cd 003a | c601 0000 | 8bb2 cc00 | 0000 83c6 | 0289 b2cc | 0000 0081 | e6fe ff1f 
  0x000001c611bf0d64: 0085 f60f | 8457 0600 

  0x000001c611bf0d6c: ;   {metadata('java/lang/String')}
  0x000001c611bf0d6c: 0048 ba78 | e800 25c6 | 0100 0049 | 8b87 b801 | 0000 488d | 7818 493b | bfc8 0100 | 000f 8756 
  0x000001c611bf0d8c: 0600 0049 | 89bf b801 | 0000 48c7 | 0001 0000 | 0048 8bca | 49ba 0000 | 0025 c601 | 0000 492b 
  0x000001c611bf0dac: ca89 4808 | 4833 c989 | 480c 4833 | c948 8948 | 104c 8bc0 

  0x000001c611bf0dc0: ;   {metadata(method data for {method} {0x000001c625008958} 'toString' '()Ljava/lang/String;' in 'java/lang/StringBuilder')}
  0x000001c611bf0dc0: 49b9 88cd | 003a c601 | 0000 4983 | 8110 0100 

  0x000001c611bf0dd0: ;   {metadata(method data for {method} {0x000001c625455dd8} '<init>' '(Ljava/lang/StringBuilder;)V' in 'java/lang/String')}
  0x000001c611bf0dd0: 0001 49b8 | 90cf 003a | c601 0000 | 458b 88cc | 0000 0041 | 83c1 0245 | 8988 cc00 | 0000 4181 
  0x000001c611bf0df0: e1fe ff1f | 0045 85c9 | 0f84 f405 | 0000 4c8b 

  0x000001c611bf0e00: ;   {metadata(method data for {method} {0x000001c625455dd8} '<init>' '(Ljava/lang/StringBuilder;)V' in 'java/lang/String')}
  0x000001c611bf0e00: c049 b990 | cf00 3ac6 | 0100 0049 | 8381 1001 | 0000 014c | 8b84 24e8 

  0x000001c611bf0e18: ;   {oop(nullptr)}
  0x000001c611bf0e18: 0000 0049 | b900 0000 | 0000 0000 | 0048 8bd0 | 4889 8424 | 0001 0000 | 0f1f 8000 

  0x000001c611bf0e34: ;   {optimized virtual_call}
  0x000001c611bf0e34: 0000 00e8 

  0x000001c611bf0e38: ; ImmutableOopMap {[248]=Oop [256]=Oop }
                      ;*invokespecial <init> {reexecute=0 rethrow=0 return_oop=0}
                      ; - java.lang.String::<init>@3
                      ; - java.lang.StringBuilder::toString@5
                      ; - jdk.internal.reflect.DirectConstructorHandleAccessor::newInstance@51
  0x000001c611bf0e38: 44e0 1907 

  0x000001c611bf0e3c: ;   {other}
  0x000001c611bf0e3c: 0f1f 8400 | 2c1f 0016 | 488b 8424 | f800 0000 

  0x000001c611bf0e4c: ;   {metadata(method data for {method} {0x000001c62519d000} 'newInstance' '([Ljava/lang/Object;)Ljava/lang/Object;' in 'jdk/internal/reflect/DirectConstructorHandleAccessor')}
  0x000001c611bf0e4c: 49b8 407c | 1f3a c601 | 0000 4983 | 8090 0200 | 0001 4c8b | 8424 0001 | 0000 488b | 9424 f800 
  0x000001c611bf0e6c: ;   {optimized virtual_call}
  0x000001c611bf0e6c: 0000 90e8 

  0x000001c611bf0e70: ; ImmutableOopMap {[248]=Oop }
                      ;*invokespecial <init> {reexecute=0 rethrow=0 return_oop=0}
                      ; - jdk.internal.reflect.DirectConstructorHandleAccessor::newInstance@54
  0x000001c611bf0e70: 0ce0 1907 

  0x000001c611bf0e74: ;   {other}
  0x000001c611bf0e74: 0f1f 8400 | 641f 0017 | 488b 8424 | f800 0000 | e9d2 0500 | 0049 8b87 | 0005 0000 | 4d33 d24d 
  0x000001c611bf0e94: 8997 0005 | 0000 4d33 | d24d 8997 | 0805 0000 | 4c8b c090 

  0x000001c611bf0ea8: ;   {no_reloc}
  0x000001c611bf0ea8: e975 0500 | 0000 0000 | 0000 80ba | 3101 0000 | 040f 8572 | 0500 0049 | 8b87 b801 | 0000 488d 
  0x000001c611bf0ec8: 7828 493b | bfc8 0100 | 000f 875a | 0500 0049 | 89bf b801 | 0000 48c7 | 0001 0000 | 0048 8bca 
  0x000001c611bf0ee8: 49ba 0000 | 0025 c601 | 0000 492b | ca89 4808 | 4833 c989 | 480c 4833 | c948 8948 | 1048 8948 
  0x000001c611bf0f08: 1848 8948 | 2048 8bd0 

  0x000001c611bf0f10: ;   {metadata(method data for {method} {0x000001c62519d000} 'newInstance' '([Ljava/lang/Object;)Ljava/lang/Object;' in 'jdk/internal/reflect/DirectConstructorHandleAccessor')}
  0x000001c611bf0f10: 48be 407c | 1f3a c601 | 0000 4883 | 86c8 0300 | 0001 488b | d048 8984 | 2408 0100 

  0x000001c611bf0f2c: ;   {optimized virtual_call}
  0x000001c611bf0f2c: 0066 90e8 

  0x000001c611bf0f30: ; ImmutableOopMap {[264]=Oop }
                      ;*invokespecial <init> {reexecute=0 rethrow=0 return_oop=0}
                      ; - jdk.internal.reflect.DirectConstructorHandleAccessor::newInstance@126
  0x000001c611bf0f30: 4cdf 1907 

  0x000001c611bf0f34: ;   {other}
  0x000001c611bf0f34: 0f1f 8400 | 2420 0018 | 488b 8424 | 0801 0000 | e912 0500 

  0x000001c611bf0f48: ;   {metadata({method} {0x000001c62519d000} 'newInstance' '([Ljava/lang/Object;)Ljava/lang/Object;' in 'jdk/internal/reflect/DirectConstructorHandleAccessor')}
  0x000001c611bf0f48: 0049 baf8 | cf19 25c6 | 0100 004c | 8954 2408 | 48c7 0424 | ffff ffff 

  0x000001c611bf0f60: ;   {runtime_call counter_overflow Runtime1 stub}
  0x000001c611bf0f60: e81b fb26 

  0x000001c611bf0f64: ; ImmutableOopMap {rdx=Oop r8=Oop [152]=Oop }
                      ;*synchronization entry
                      ; - jdk.internal.reflect.DirectConstructorHandleAccessor::newInstance@-1
  0x000001c611bf0f64: 07e9 c6e4 

  0x000001c611bf0f68: ;   {runtime_call throw_null_pointer_exception Runtime1 stub}
  0x000001c611bf0f68: ffff e831 

  0x000001c611bf0f6c: ; ImmutableOopMap {rdx=Oop r8=Oop [152]=Oop }
                      ;*arraylength {reexecute=0 rethrow=0 return_oop=0}
                      ; - jdk.internal.reflect.DirectConstructorHandleAccessor::newInstance@5
                      ;   {metadata({method} {0x000001c62519d058} 'invokeImpl' '([Ljava/lang/Object;)Ljava/lang/Object;' in 'jdk/internal/reflect/DirectConstructorHandleAccessor')}
  0x000001c611bf0f6c: 6226 0749 | ba50 d019 | 25c6 0100 | 004c 8954 | 2408 48c7 | 0424 ffff 

  0x000001c611bf0f84: ;   {runtime_call counter_overflow Runtime1 stub}
  0x000001c611bf0f84: ffff e8f5 

  0x000001c611bf0f88: ; ImmutableOopMap {rdx=Oop r8=Oop [152]=Oop }
                      ;*synchronization entry
                      ; - jdk.internal.reflect.DirectConstructorHandleAccessor::invokeImpl@-1
                      ; - jdk.internal.reflect.DirectConstructorHandleAccessor::newInstance@60
  0x000001c611bf0f88: fa26 07e9 | 6fe5 ffff | 49b9 30ae | 1aeb 0000 | 0000 b800 

  0x000001c611bf0f9c: ;   {runtime_call load_appendix_patching Runtime1 stub}
  0x000001c611bf0f9c: 0f05 0ae8 

  0x000001c611bf0fa0: ; ImmutableOopMap {rdx=Oop r8=Oop rsi=Oop [152]=Oop }
                      ;*invokevirtual invokeExact {reexecute=1 rethrow=0 return_oop=0}
                      ; - (reexecute) jdk.internal.reflect.DirectConstructorHandleAccessor::invokeImpl@99
                      ; - jdk.internal.reflect.DirectConstructorHandleAccessor::newInstance@60
  0x000001c611bf0fa0: dce7 2607 | e9e7 e5ff 

  0x000001c611bf0fa8: ;   {runtime_call throw_null_pointer_exception Runtime1 stub}
  0x000001c611bf0fa8: ffe8 f261 

  0x000001c611bf0fac: ; ImmutableOopMap {rdx=Oop r8=Oop rsi=Oop r9=Oop [152]=Oop }
                      ;*invokevirtual invokeExact {reexecute=0 rethrow=0 return_oop=0}
                      ; - jdk.internal.reflect.DirectConstructorHandleAccessor::invokeImpl@99
                      ; - jdk.internal.reflect.DirectConstructorHandleAccessor::newInstance@60
                      ;   {internal_word}
  0x000001c611bf0fac: 2607 49ba | 26f7 be11 | c601 0000 | 4d89 9768 

  0x000001c611bf0fbc: ;   {runtime_call SafepointBlob}
  0x000001c611bf0fbc: 0400 00e9 | bc59 1a07 

  0x000001c611bf0fc4: ;   {runtime_call throw_null_pointer_exception Runtime1 stub}
  0x000001c611bf0fc4: e8d7 6126 

  0x000001c611bf0fc8: ; ImmutableOopMap {rdx=Oop r8=Oop rbx=Oop [152]=Oop }
                      ;*aaload {reexecute=0 rethrow=0 return_oop=0}
                      ; - jdk.internal.reflect.DirectConstructorHandleAccessor::invokeImpl@81
                      ; - jdk.internal.reflect.DirectConstructorHandleAccessor::newInstance@60
                      ;   {runtime_call throw_null_pointer_exception Runtime1 stub}
  0x000001c611bf0fc8: 07e8 d261 

  0x000001c611bf0fcc: ; ImmutableOopMap {rdx=Oop r8=Oop rbx=Oop [152]=Oop }
                      ;*aaload {reexecute=0 rethrow=0 return_oop=0}
                      ; - jdk.internal.reflect.DirectConstructorHandleAccessor::invokeImpl@81
                      ; - jdk.internal.reflect.DirectConstructorHandleAccessor::newInstance@60
  0x000001c611bf0fcc: 2607 48c7 | 0424 0000 | 0000 4c89 

  0x000001c611bf0fd8: ;   {runtime_call throw_range_check_failed Runtime1 stub}
  0x000001c611bf0fd8: 4424 08e8 

  0x000001c611bf0fdc: ; ImmutableOopMap {rdx=Oop r8=Oop rbx=Oop [152]=Oop }
                      ;*aaload {reexecute=0 rethrow=0 return_oop=0}
                      ; - jdk.internal.reflect.DirectConstructorHandleAccessor::invokeImpl@81
                      ; - jdk.internal.reflect.DirectConstructorHandleAccessor::newInstance@60
  0x000001c611bf0fdc: c053 2607 | 48c7 0424 | 0100 0000 | 4c89 4424 

  0x000001c611bf0fec: ;   {runtime_call throw_range_check_failed Runtime1 stub}
  0x000001c611bf0fec: 08e8 ae53 

  0x000001c611bf0ff0: ; ImmutableOopMap {rdx=Oop r8=Oop rbx=Oop r9=Oop [152]=Oop }
                      ;*aaload {reexecute=0 rethrow=0 return_oop=0}
                      ; - jdk.internal.reflect.DirectConstructorHandleAccessor::invokeImpl@84
                      ; - jdk.internal.reflect.DirectConstructorHandleAccessor::newInstance@60
  0x000001c611bf0ff0: 2607 48c7 | 0424 0200 | 0000 4c89 

  0x000001c611bf0ffc: ;   {runtime_call throw_range_check_failed Runtime1 stub}
  0x000001c611bf0ffc: 4424 08e8 

  0x000001c611bf1000: ; ImmutableOopMap {rdx=Oop r8=Oop rbx=Oop r9=Oop rdi=Oop [152]=Oop }
                      ;*aaload {reexecute=0 rethrow=0 return_oop=0}
                      ; - jdk.internal.reflect.DirectConstructorHandleAccessor::invokeImpl@87
                      ; - jdk.internal.reflect.DirectConstructorHandleAccessor::newInstance@60
  0x000001c611bf1000: 9c53 2607 | 48b8 f02e | 7ce0 0000 | 0000 b800 

  0x000001c611bf1010: ;   {runtime_call load_appendix_patching Runtime1 stub}
  0x000001c611bf1010: 0f05 0ae8 

  0x000001c611bf1014: ; ImmutableOopMap {rdx=Oop rbx=Oop r9=Oop rdi=Oop rsi=Oop [152]=Oop }
                      ;*invokevirtual invokeExact {reexecute=1 rethrow=0 return_oop=0}
                      ; - (reexecute) jdk.internal.reflect.DirectConstructorHandleAccessor::invokeImpl@88
                      ; - jdk.internal.reflect.DirectConstructorHandleAccessor::newInstance@60
  0x000001c611bf1014: 68e7 2607 | e94b e7ff 

  0x000001c611bf101c: ;   {runtime_call throw_null_pointer_exception Runtime1 stub}
  0x000001c611bf101c: ffe8 7e61 

  0x000001c611bf1020: ; ImmutableOopMap {rdx=Oop rbx=Oop r9=Oop rdi=Oop rsi=Oop rax=Oop [152]=Oop }
                      ;*invokevirtual invokeExact {reexecute=0 rethrow=0 return_oop=0}
                      ; - jdk.internal.reflect.DirectConstructorHandleAccessor::invokeImpl@88
                      ; - jdk.internal.reflect.DirectConstructorHandleAccessor::newInstance@60
                      ;   {internal_word}
  0x000001c611bf1020: 2607 49ba | 77f9 be11 | c601 0000 | 4d89 9768 

  0x000001c611bf1030: ;   {runtime_call SafepointBlob}
  0x000001c611bf1030: 0400 00e9 | 4859 1a07 

  0x000001c611bf1038: ;   {runtime_call throw_null_pointer_exception Runtime1 stub}
  0x000001c611bf1038: e863 6126 

  0x000001c611bf103c: ; ImmutableOopMap {rdx=Oop r8=Oop rsi=Oop [152]=Oop }
                      ;*aaload {reexecute=0 rethrow=0 return_oop=0}
                      ; - jdk.internal.reflect.DirectConstructorHandleAccessor::invokeImpl@65
                      ; - jdk.internal.reflect.DirectConstructorHandleAccessor::newInstance@60
                      ;   {runtime_call throw_null_pointer_exception Runtime1 stub}
  0x000001c611bf103c: 07e8 5e61 

  0x000001c611bf1040: ; ImmutableOopMap {rdx=Oop r8=Oop rsi=Oop [152]=Oop }
                      ;*aaload {reexecute=0 rethrow=0 return_oop=0}
                      ; - jdk.internal.reflect.DirectConstructorHandleAccessor::invokeImpl@65
                      ; - jdk.internal.reflect.DirectConstructorHandleAccessor::newInstance@60
  0x000001c611bf1040: 2607 48c7 | 0424 0000 | 0000 4c89 

  0x000001c611bf104c: ;   {runtime_call throw_range_check_failed Runtime1 stub}
  0x000001c611bf104c: 4424 08e8 

  0x000001c611bf1050: ; ImmutableOopMap {rdx=Oop r8=Oop rsi=Oop [152]=Oop }
                      ;*aaload {reexecute=0 rethrow=0 return_oop=0}
                      ; - jdk.internal.reflect.DirectConstructorHandleAccessor::invokeImpl@65
                      ; - jdk.internal.reflect.DirectConstructorHandleAccessor::newInstance@60
  0x000001c611bf1050: 4c53 2607 | 48c7 0424 | 0100 0000 | 4c89 4424 

  0x000001c611bf1060: ;   {runtime_call throw_range_check_failed Runtime1 stub}
  0x000001c611bf1060: 08e8 3a53 

  0x000001c611bf1064: ; ImmutableOopMap {rdx=Oop r8=Oop rsi=Oop r9=Oop [152]=Oop }
                      ;*aaload {reexecute=0 rethrow=0 return_oop=0}
                      ; - jdk.internal.reflect.DirectConstructorHandleAccessor::invokeImpl@68
                      ; - jdk.internal.reflect.DirectConstructorHandleAccessor::newInstance@60
  0x000001c611bf1064: 2607 48bb | 381c 7be0 | 0000 0000 | b800 0f05 

  0x000001c611bf1074: ;   {runtime_call load_appendix_patching Runtime1 stub}
  0x000001c611bf1074: 0ae8 06e7 

  0x000001c611bf1078: ; ImmutableOopMap {rdx=Oop rsi=Oop r9=Oop rdi=Oop [152]=Oop }
                      ;*invokevirtual invokeExact {reexecute=1 rethrow=0 return_oop=0}
                      ; - (reexecute) jdk.internal.reflect.DirectConstructorHandleAccessor::invokeImpl@69
                      ; - jdk.internal.reflect.DirectConstructorHandleAccessor::newInstance@60
  0x000001c611bf1078: 2607 e929 

  0x000001c611bf107c: ;   {runtime_call throw_null_pointer_exception Runtime1 stub}
  0x000001c611bf107c: e9ff ffe8 

  0x000001c611bf1080: ; ImmutableOopMap {rdx=Oop rsi=Oop r9=Oop rdi=Oop rbx=Oop [152]=Oop }
                      ;*invokevirtual invokeExact {reexecute=0 rethrow=0 return_oop=0}
                      ; - jdk.internal.reflect.DirectConstructorHandleAccessor::invokeImpl@69
                      ; - jdk.internal.reflect.DirectConstructorHandleAccessor::newInstance@60
  0x000001c611bf1080: 1c61 2607 

  0x000001c611bf1084: ;   {internal_word}
  0x000001c611bf1084: 49ba acfb | be11 c601 | 0000 4d89 | 9768 0400 

  0x000001c611bf1094: ;   {runtime_call SafepointBlob}
  0x000001c611bf1094: 00e9 e658 

  0x000001c611bf1098: ;   {runtime_call throw_null_pointer_exception Runtime1 stub}
  0x000001c611bf1098: 1a07 e801 

  0x000001c611bf109c: ; ImmutableOopMap {rdx=Oop r8=Oop rsi=Oop [152]=Oop [168]=Oop }
                      ;*aaload {reexecute=0 rethrow=0 return_oop=0}
                      ; - jdk.internal.reflect.DirectConstructorHandleAccessor::invokeImpl@52
                      ; - jdk.internal.reflect.DirectConstructorHandleAccessor::newInstance@60
                      ;   {runtime_call throw_null_pointer_exception Runtime1 stub}
  0x000001c611bf109c: 6126 07e8 

  0x000001c611bf10a0: ; ImmutableOopMap {rdx=Oop r8=Oop rsi=Oop [152]=Oop [168]=Oop }
                      ;*aaload {reexecute=0 rethrow=0 return_oop=0}
                      ; - jdk.internal.reflect.DirectConstructorHandleAccessor::invokeImpl@52
                      ; - jdk.internal.reflect.DirectConstructorHandleAccessor::newInstance@60
  0x000001c611bf10a0: fc60 2607 | 48c7 0424 | 0000 0000 | 4c89 4424 

  0x000001c611bf10b0: ;   {runtime_call throw_range_check_failed Runtime1 stub}
  0x000001c611bf10b0: 08e8 ea52 

  0x000001c611bf10b4: ; ImmutableOopMap {rdx=Oop r8=Oop rsi=Oop [152]=Oop [168]=Oop }
                      ;*aaload {reexecute=0 rethrow=0 return_oop=0}
                      ; - jdk.internal.reflect.DirectConstructorHandleAccessor::invokeImpl@52
                      ; - jdk.internal.reflect.DirectConstructorHandleAccessor::newInstance@60
                      ;   {metadata({method} {0x000001c6250ae5c8} 'invokeExact_MT' '(Ljava/lang/Object;Ljava/lang/Object;Ljava/lang/Object;)Ljava/lang/Object;' in 'java/lang/invoke/Invokers$Holder')}
  0x000001c611bf10b4: 2607 49ba | c0e5 0a25 | c601 0000 | 4c89 5424 | 0848 c704 | 24ff ffff 

  0x000001c611bf10cc: ;   {runtime_call counter_overflow Runtime1 stub}
  0x000001c611bf10cc: ffe8 aef9 

  0x000001c611bf10d0: ; ImmutableOopMap {rdx=Oop rsi=Oop rdi=Oop [152]=Oop [160]=Oop [168]=Oop }
                      ;*synchronization entry
                      ; - java.lang.invoke.Invokers$Holder::invokeExact_MT@-1
                      ; - jdk.internal.reflect.DirectConstructorHandleAccessor::invokeImpl@53
                      ; - jdk.internal.reflect.DirectConstructorHandleAccessor::newInstance@60
  0x000001c611bf10d0: 2607 e966 

  0x000001c611bf10d4: ;   {metadata({method} {0x000001c6253dc728} 'checkExactType' '(Ljava/lang/invoke/MethodHandle;Ljava/lang/invoke/MethodType;)V' in 'java/lang/invoke/Invokers')}
  0x000001c611bf10d4: ecff ff49 | ba20 c73d | 25c6 0100 | 004c 8954 | 2408 48c7 | 0424 ffff 

  0x000001c611bf10ec: ;   {runtime_call counter_overflow Runtime1 stub}
  0x000001c611bf10ec: ffff e88d 

  0x000001c611bf10f0: ; ImmutableOopMap {rdx=Oop rsi=Oop rdi=Oop rax=Oop [152]=Oop [160]=Oop [168]=Oop }
                      ;*synchronization entry
                      ; - java.lang.invoke.Invokers::checkExactType@-1
                      ; - java.lang.invoke.Invokers$Holder::invokeExact_MT@10
                      ; - jdk.internal.reflect.DirectConstructorHandleAccessor::invokeImpl@53
                      ; - jdk.internal.reflect.DirectConstructorHandleAccessor::newInstance@60
  0x000001c611bf10f0: f926 07e9 | 04ed ffff 

  0x000001c611bf10f8: ;   {runtime_call throw_null_pointer_exception Runtime1 stub}
  0x000001c611bf10f8: e8a3 6026 

  0x000001c611bf10fc: ; ImmutableOopMap {rdx=Oop rsi=Oop rdi=Oop rax=Oop [152]=Oop [160]=Oop [168]=Oop }
                      ;*invokevirtual type {reexecute=0 rethrow=0 return_oop=0}
                      ; - java.lang.invoke.Invokers::checkExactType@1
                      ; - java.lang.invoke.Invokers$Holder::invokeExact_MT@10
                      ; - jdk.internal.reflect.DirectConstructorHandleAccessor::invokeImpl@53
                      ; - jdk.internal.reflect.DirectConstructorHandleAccessor::newInstance@60
                      ;   {metadata({method} {0x000001c6253dc620} 'checkCustomized' '(Ljava/lang/invoke/MethodHandle;)V' in 'java/lang/invoke/Invokers')}
  0x000001c611bf10fc: 0749 ba18 | c63d 25c6 | 0100 004c | 8954 2408 | 48c7 0424 | ffff ffff 

  0x000001c611bf1114: ;   {runtime_call counter_overflow Runtime1 stub}
  0x000001c611bf1114: e867 f926 

  0x000001c611bf1118: ; ImmutableOopMap {rdx=Oop rsi=Oop rdi=Oop [152]=Oop [160]=Oop [168]=Oop }
                      ;*synchronization entry
                      ; - java.lang.invoke.Invokers::checkCustomized@-1
                      ; - java.lang.invoke.Invokers$Holder::invokeExact_MT@14
                      ; - jdk.internal.reflect.DirectConstructorHandleAccessor::invokeImpl@53
                      ; - jdk.internal.reflect.DirectConstructorHandleAccessor::newInstance@60
  0x000001c611bf1118: 07e9 36ee 

  0x000001c611bf111c: ;   {metadata({method} {0x000001c6250944d8} 'isCompileConstant' '(Ljava/lang/Object;)Z' in 'java/lang/invoke/MethodHandleImpl')}
  0x000001c611bf111c: ffff 49ba | d044 0925 | c601 0000 | 4c89 5424 | 0848 c704 | 24ff ffff 

  0x000001c611bf1134: ;   {runtime_call counter_overflow Runtime1 stub}
  0x000001c611bf1134: ffe8 46f9 

  0x000001c611bf1138: ; ImmutableOopMap {rdx=Oop rsi=Oop rdi=Oop [152]=Oop [160]=Oop [168]=Oop }
                      ;*synchronization entry
                      ; - java.lang.invoke.MethodHandleImpl::isCompileConstant@-1
                      ; - java.lang.invoke.Invokers::checkCustomized@1
                      ; - java.lang.invoke.Invokers$Holder::invokeExact_MT@14
                      ; - jdk.internal.reflect.DirectConstructorHandleAccessor::invokeImpl@53
                      ; - jdk.internal.reflect.DirectConstructorHandleAccessor::newInstance@60
  0x000001c611bf1138: 2607 e94d 

  0x000001c611bf113c: ;   {runtime_call throw_null_pointer_exception Runtime1 stub}
  0x000001c611bf113c: eeff ffe8 

  0x000001c611bf1140: ; ImmutableOopMap {rdx=Oop rsi=Oop rdi=Oop [152]=Oop [160]=Oop [168]=Oop }
                      ;*getfield customized {reexecute=1 rethrow=0 return_oop=0}
                      ; - (reexecute) java.lang.invoke.Invokers::checkCustomized@12
                      ; - java.lang.invoke.Invokers$Holder::invokeExact_MT@14
                      ; - jdk.internal.reflect.DirectConstructorHandleAccessor::invokeImpl@53
                      ; - jdk.internal.reflect.DirectConstructorHandleAccessor::newInstance@60
  0x000001c611bf1140: 5c60 2607 

  0x000001c611bf1144: ;   {internal_word}
  0x000001c611bf1144: 49ba 8c01 | bf11 c601 | 0000 4d89 | 9768 0400 

  0x000001c611bf1154: ;   {runtime_call SafepointBlob}
  0x000001c611bf1154: 00e9 2658 

  0x000001c611bf1158: ;   {metadata({method} {0x000001c6250ae570} 'invokeExact_MT' '(Ljava/lang/Object;Ljava/lang/Object;)Ljava/lang/Object;' in 'java/lang/invoke/Invokers$Holder')}
  0x000001c611bf1158: 1a07 49ba | 68e5 0a25 | c601 0000 | 4c89 5424 | 0848 c704 | 24ff ffff 

  0x000001c611bf1170: ;   {runtime_call counter_overflow Runtime1 stub}
  0x000001c611bf1170: ffe8 0af9 

  0x000001c611bf1174: ; ImmutableOopMap {rdx=Oop rsi=Oop rbx=Oop [152]=Oop [176]=Oop }
                      ;*synchronization entry
                      ; - java.lang.invoke.Invokers$Holder::invokeExact_MT@-1
                      ; - jdk.internal.reflect.DirectConstructorHandleAccessor::invokeImpl@40
                      ; - jdk.internal.reflect.DirectConstructorHandleAccessor::newInstance@60
  0x000001c611bf1174: 2607 e9c7 

  0x000001c611bf1178: ;   {metadata({method} {0x000001c6253dc728} 'checkExactType' '(Ljava/lang/invoke/MethodHandle;Ljava/lang/invoke/MethodType;)V' in 'java/lang/invoke/Invokers')}
  0x000001c611bf1178: f0ff ff49 | ba20 c73d | 25c6 0100 | 004c 8954 | 2408 48c7 | 0424 ffff 

  0x000001c611bf1190: ;   {runtime_call counter_overflow Runtime1 stub}
  0x000001c611bf1190: ffff e8e9 

  0x000001c611bf1194: ; ImmutableOopMap {rdx=Oop rsi=Oop rbx=Oop [152]=Oop [176]=Oop }
                      ;*synchronization entry
                      ; - java.lang.invoke.Invokers::checkExactType@-1
                      ; - java.lang.invoke.Invokers$Holder::invokeExact_MT@10
                      ; - jdk.internal.reflect.DirectConstructorHandleAccessor::invokeImpl@40
                      ; - jdk.internal.reflect.DirectConstructorHandleAccessor::newInstance@60
  0x000001c611bf1194: f826 07e9 | 3bf1 ffff 

  0x000001c611bf119c: ;   {runtime_call throw_null_pointer_exception Runtime1 stub}
  0x000001c611bf119c: e8ff 5f26 

  0x000001c611bf11a0: ; ImmutableOopMap {rdx=Oop rsi=Oop rbx=Oop [152]=Oop [176]=Oop }
                      ;*invokevirtual type {reexecute=0 rethrow=0 return_oop=0}
                      ; - java.lang.invoke.Invokers::checkExactType@1
                      ; - java.lang.invoke.Invokers$Holder::invokeExact_MT@10
                      ; - jdk.internal.reflect.DirectConstructorHandleAccessor::invokeImpl@40
                      ; - jdk.internal.reflect.DirectConstructorHandleAccessor::newInstance@60
                      ;   {metadata({method} {0x000001c6253dc620} 'checkCustomized' '(Ljava/lang/invoke/MethodHandle;)V' in 'java/lang/invoke/Invokers')}
  0x000001c611bf11a0: 0749 ba18 | c63d 25c6 | 0100 004c | 8954 2408 | 48c7 0424 | ffff ffff 

  0x000001c611bf11b8: ;   {runtime_call counter_overflow Runtime1 stub}
  0x000001c611bf11b8: e8c3 f826 

  0x000001c611bf11bc: ; ImmutableOopMap {rdx=Oop rsi=Oop [152]=Oop [176]=Oop }
                      ;*synchronization entry
                      ; - java.lang.invoke.Invokers::checkCustomized@-1
                      ; - java.lang.invoke.Invokers$Holder::invokeExact_MT@14
                      ; - jdk.internal.reflect.DirectConstructorHandleAccessor::invokeImpl@40
                      ; - jdk.internal.reflect.DirectConstructorHandleAccessor::newInstance@60
  0x000001c611bf11bc: 07e9 51f2 

  0x000001c611bf11c0: ;   {metadata({method} {0x000001c6250944d8} 'isCompileConstant' '(Ljava/lang/Object;)Z' in 'java/lang/invoke/MethodHandleImpl')}
  0x000001c611bf11c0: ffff 49ba | d044 0925 | c601 0000 | 4c89 5424 | 0848 c704 | 24ff ffff 

  0x000001c611bf11d8: ;   {runtime_call counter_overflow Runtime1 stub}
  0x000001c611bf11d8: ffe8 a2f8 

  0x000001c611bf11dc: ; ImmutableOopMap {rdx=Oop rsi=Oop [152]=Oop [176]=Oop }
                      ;*synchronization entry
                      ; - java.lang.invoke.MethodHandleImpl::isCompileConstant@-1
                      ; - java.lang.invoke.Invokers::checkCustomized@1
                      ; - java.lang.invoke.Invokers$Holder::invokeExact_MT@14
                      ; - jdk.internal.reflect.DirectConstructorHandleAccessor::invokeImpl@40
                      ; - jdk.internal.reflect.DirectConstructorHandleAccessor::newInstance@60
  0x000001c611bf11dc: 2607 e969 

  0x000001c611bf11e0: ;   {runtime_call throw_null_pointer_exception Runtime1 stub}
  0x000001c611bf11e0: f2ff ffe8 

  0x000001c611bf11e4: ; ImmutableOopMap {rdx=Oop rsi=Oop [152]=Oop [176]=Oop }
                      ;*getfield customized {reexecute=1 rethrow=0 return_oop=0}
                      ; - (reexecute) java.lang.invoke.Invokers::checkCustomized@12
                      ; - java.lang.invoke.Invokers$Holder::invokeExact_MT@14
                      ; - jdk.internal.reflect.DirectConstructorHandleAccessor::invokeImpl@40
                      ; - jdk.internal.reflect.DirectConstructorHandleAccessor::newInstance@60
  0x000001c611bf11e4: b85f 2607 

  0x000001c611bf11e8: ;   {internal_word}
  0x000001c611bf11e8: 49ba 3c05 | bf11 c601 | 0000 4d89 | 9768 0400 

  0x000001c611bf11f8: ;   {runtime_call SafepointBlob}
  0x000001c611bf11f8: 00e9 8257 

  0x000001c611bf11fc: ;   {runtime_call throw_null_pointer_exception Runtime1 stub}
  0x000001c611bf11fc: 1a07 e89d 

  0x000001c611bf1200: ; ImmutableOopMap {rax=Oop [152]=Oop [176]=Oop }
                      ;*athrow {reexecute=1 rethrow=0 return_oop=0}
                      ; - (reexecute) java.lang.invoke.Invokers::checkExactType@15
                      ; - java.lang.invoke.Invokers$Holder::invokeExact_MT@10
                      ; - jdk.internal.reflect.DirectConstructorHandleAccessor::invokeImpl@40
                      ; - jdk.internal.reflect.DirectConstructorHandleAccessor::newInstance@60
                      ;   {runtime_call throw_null_pointer_exception Runtime1 stub}
  0x000001c611bf1200: 5f26 07e8 

  0x000001c611bf1204: ; ImmutableOopMap {rax=Oop [152]=Oop [160]=Oop [168]=Oop }
                      ;*athrow {reexecute=1 rethrow=0 return_oop=0}
                      ; - (reexecute) java.lang.invoke.Invokers::checkExactType@15
                      ; - java.lang.invoke.Invokers$Holder::invokeExact_MT@10
                      ; - jdk.internal.reflect.DirectConstructorHandleAccessor::invokeImpl@53
                      ; - jdk.internal.reflect.DirectConstructorHandleAccessor::newInstance@60
  0x000001c611bf1204: 985f 2607 

  0x000001c611bf1208: ;   {metadata({method} {0x000001c6253c81a8} 'isIllegalArgument' '(Ljava/lang/RuntimeException;)Z' in 'jdk/internal/reflect/DirectConstructorHandleAccessor')}
  0x000001c611bf1208: 49ba a081 | 3c25 c601 | 0000 4c89 | 5424 0848 | c704 24ff 

  0x000001c611bf121c: ;   {runtime_call counter_overflow Runtime1 stub}
  0x000001c611bf121c: ffff ffe8 

  0x000001c611bf1220: ; ImmutableOopMap {rax=Oop }
                      ;*synchronization entry
                      ; - jdk.internal.reflect.DirectConstructorHandleAccessor::isIllegalArgument@-1
                      ; - jdk.internal.reflect.DirectConstructorHandleAccessor::newInstance@96
  0x000001c611bf1220: 5cf8 2607 | e907 f4ff 

  0x000001c611bf1228: ;   {metadata({method} {0x000001c6253c81a8} 'isIllegalArgument' '(Ljava/lang/RuntimeException;)Z' in 'jdk/internal/reflect/DirectConstructorHandleAccessor')}
  0x000001c611bf1228: ff49 baa0 | 813c 25c6 | 0100 004c | 8954 2408 | 48c7 0424 | ffff ffff 

  0x000001c611bf1240: ;   {runtime_call counter_overflow Runtime1 stub}
  0x000001c611bf1240: e83b f826 

  0x000001c611bf1244: ; ImmutableOopMap {rax=Oop }
                      ;*synchronization entry
                      ; - jdk.internal.reflect.DirectConstructorHandleAccessor::isIllegalArgument@-1
                      ; - jdk.internal.reflect.DirectConstructorHandleAccessor::newInstance@67
  0x000001c611bf1244: 07e9 a1f4 

  0x000001c611bf1248: ;   {metadata(nullptr)}
  0x000001c611bf1248: ffff 48ba | 0000 0000 | 0000 0000 | b800 0f05 

  0x000001c611bf1258: ;   {runtime_call load_klass_patching Runtime1 stub}
  0x000001c611bf1258: 0ae8 22c9 

  0x000001c611bf125c: ; ImmutableOopMap {[192]=Oop }
                      ;*new {reexecute=1 rethrow=0 return_oop=0}
                      ; - (reexecute) jdk.internal.reflect.DirectConstructorHandleAccessor::newInstance@73
  0x000001c611bf125c: 2607 e9e5 | f4ff ff48 

  0x000001c611bf1264: ;   {runtime_call fast_new_instance Runtime1 stub}
  0x000001c611bf1264: 8bd2 e815 

  0x000001c611bf1268: ; ImmutableOopMap {[192]=Oop }
                      ;*new {reexecute=0 rethrow=0 return_oop=0}
                      ; - jdk.internal.reflect.DirectConstructorHandleAccessor::newInstance@73
  0x000001c611bf1268: 6f26 07e9 | 30f5 ffff 

  0x000001c611bf1270: ;   {metadata(nullptr)}
  0x000001c611bf1270: 48ba 0000 | 0000 0000 | 0000 b800 

  0x000001c611bf127c: ;   {runtime_call load_klass_patching Runtime1 stub}
  0x000001c611bf127c: 0f05 0ae8 

  0x000001c611bf1280: ; ImmutableOopMap {r8=Oop }
                      ;*new {reexecute=1 rethrow=0 return_oop=0}
                      ; - (reexecute) jdk.internal.reflect.DirectConstructorHandleAccessor::newInstance@84
  0x000001c611bf1280: fcc8 2607 | e977 f5ff 

  0x000001c611bf1288: ;   {runtime_call throw_null_pointer_exception Runtime1 stub}
  0x000001c611bf1288: ffe8 125f 

  0x000001c611bf128c: ; ImmutableOopMap {r8=Oop }
                      ;*new {reexecute=0 rethrow=0 return_oop=0}
                      ; - jdk.internal.reflect.DirectConstructorHandleAccessor::newInstance@84
  0x000001c611bf128c: 2607 488b 

  0x000001c611bf1290: ;   {runtime_call fast_new_instance_init_check Runtime1 stub}
  0x000001c611bf1290: d2e8 ea72 

  0x000001c611bf1294: ; ImmutableOopMap {r8=Oop }
                      ;*new {reexecute=0 rethrow=0 return_oop=0}
                      ; - jdk.internal.reflect.DirectConstructorHandleAccessor::newInstance@84
  0x000001c611bf1294: 2607 e9ca 

  0x000001c611bf1298: ;   {metadata(nullptr)}
  0x000001c611bf1298: f5ff ff48 | ba00 0000 | 0000 0000 | 00b8 000f 

  0x000001c611bf12a8: ;   {runtime_call load_klass_patching Runtime1 stub}
  0x000001c611bf12a8: 050a e8d1 

  0x000001c611bf12ac: ; ImmutableOopMap {[184]=Oop }
                      ;*new {reexecute=1 rethrow=0 return_oop=0}
                      ; - (reexecute) jdk.internal.reflect.DirectConstructorHandleAccessor::newInstance@102
  0x000001c611bf12ac: c826 07e9 | f4f5 ffff 

  0x000001c611bf12b4: ;   {runtime_call fast_new_instance Runtime1 stub}
  0x000001c611bf12b4: 488b d2e8 

  0x000001c611bf12b8: ; ImmutableOopMap {[184]=Oop }
                      ;*new {reexecute=0 rethrow=0 return_oop=0}
                      ; - jdk.internal.reflect.DirectConstructorHandleAccessor::newInstance@102
  0x000001c611bf12b8: c46e 2607 | e93f f6ff 

  0x000001c611bf12c0: ;   {metadata(nullptr)}
  0x000001c611bf12c0: ff48 ba00 | 0000 0000 | 0000 00b8 | 000f 050a 

  0x000001c611bf12d0: ;   {runtime_call load_klass_patching Runtime1 stub}
  0x000001c611bf12d0: e8ab c826 

  0x000001c611bf12d4: ; ImmutableOopMap {r8=Oop }
                      ;*new {reexecute=1 rethrow=0 return_oop=0}
                      ; - (reexecute) jdk.internal.reflect.DirectConstructorHandleAccessor::newInstance@111
  0x000001c611bf12d4: 07e9 7ef6 

  0x000001c611bf12d8: ;   {runtime_call throw_null_pointer_exception Runtime1 stub}
  0x000001c611bf12d8: ffff e8c1 

  0x000001c611bf12dc: ; ImmutableOopMap {r8=Oop }
                      ;*new {reexecute=0 rethrow=0 return_oop=0}
                      ; - jdk.internal.reflect.DirectConstructorHandleAccessor::newInstance@111
  0x000001c611bf12dc: 5e26 0748 

  0x000001c611bf12e0: ;   {runtime_call fast_new_instance_init_check Runtime1 stub}
  0x000001c611bf12e0: 8bd2 e899 

  0x000001c611bf12e4: ; ImmutableOopMap {r8=Oop }
                      ;*new {reexecute=0 rethrow=0 return_oop=0}
                      ; - jdk.internal.reflect.DirectConstructorHandleAccessor::newInstance@111
  0x000001c611bf12e4: 7226 07e9 | d1f6 ffff 

  0x000001c611bf12ec: ;   {metadata(nullptr)}
  0x000001c611bf12ec: 48ba 0000 | 0000 0000 | 0000 b800 

  0x000001c611bf12f8: ;   {runtime_call load_klass_patching Runtime1 stub}
  0x000001c611bf12f8: 0f05 0ae8 

  0x000001c611bf12fc: ; ImmutableOopMap {[152]=Oop }
                      ;*new {reexecute=1 rethrow=0 return_oop=0}
                      ; - (reexecute) jdk.internal.reflect.DirectConstructorHandleAccessor::newInstance@19
  0x000001c611bf12fc: 80c8 2607 | e903 f7ff | ff48 8bd2 

  0x000001c611bf1308: ;   {runtime_call fast_new_instance Runtime1 stub}
  0x000001c611bf1308: e873 6e26 

  0x000001c611bf130c: ; ImmutableOopMap {[152]=Oop }
                      ;*new {reexecute=0 rethrow=0 return_oop=0}
                      ; - jdk.internal.reflect.DirectConstructorHandleAccessor::newInstance@19
  0x000001c611bf130c: 07e9 4ef7 | ffff 488b 

  0x000001c611bf1314: ;   {runtime_call fast_new_instance Runtime1 stub}
  0x000001c611bf1314: d2e8 666e 

  0x000001c611bf1318: ; ImmutableOopMap {[152]=Oop [248]=Oop }
                      ;*new {reexecute=0 rethrow=0 return_oop=0}
                      ; - jdk.internal.reflect.DirectConstructorHandleAccessor::newInstance@23
  0x000001c611bf1318: 2607 e999 

  0x000001c611bf131c: ;   {metadata({method} {0x000001c625461cf8} '<init>' '()V' in 'java/lang/StringBuilder')}
  0x000001c611bf131c: f7ff ff49 | baf0 1c46 | 25c6 0100 | 004c 8954 | 2408 48c7 | 0424 ffff 

  0x000001c611bf1334: ;   {runtime_call counter_overflow Runtime1 stub}
  0x000001c611bf1334: ffff e845 

  0x000001c611bf1338: ; ImmutableOopMap {rax=Oop [152]=Oop [248]=Oop }
                      ;*synchronization entry
                      ; - java.lang.StringBuilder::<init>@-1
                      ; - jdk.internal.reflect.DirectConstructorHandleAccessor::newInstance@27
  0x000001c611bf1338: f726 07e9 | b6f7 ffff 

  0x000001c611bf1340: ;   {metadata({method} {0x000001c625461ae8} 'append' '(Ljava/lang/String;)Ljava/lang/StringBuilder;' in 'java/lang/StringBuilder')}
  0x000001c611bf1340: 49ba e01a | 4625 c601 | 0000 4c89 | 5424 0848 | c704 24ff 

  0x000001c611bf1354: ;   {runtime_call counter_overflow Runtime1 stub}
  0x000001c611bf1354: ffff ffe8 

  0x000001c611bf1358: ; ImmutableOopMap {[152]=Oop [232]=Oop [248]=Oop }
                      ;*synchronization entry
                      ; - java.lang.StringBuilder::append@-1
                      ; - jdk.internal.reflect.DirectConstructorHandleAccessor::newInstance@32
  0x000001c611bf1358: 24f7 2607 | e90e f8ff 

  0x000001c611bf1360: ;   {metadata({method} {0x000001c625461880} 'append' '(I)Ljava/lang/StringBuilder;' in 'java/lang/StringBuilder')}
  0x000001c611bf1360: ff49 ba78 | 1846 25c6 | 0100 004c | 8954 2408 | 48c7 0424 | ffff ffff 

  0x000001c611bf1378: ;   {runtime_call counter_overflow Runtime1 stub}
  0x000001c611bf1378: e803 f726 

  0x000001c611bf137c: ; ImmutableOopMap {[152]=Oop [232]=Oop [248]=Oop }
                      ;*synchronization entry
                      ; - java.lang.StringBuilder::append@-1
                      ; - jdk.internal.reflect.DirectConstructorHandleAccessor::newInstance@36
  0x000001c611bf137c: 07e9 6df8 

  0x000001c611bf1380: ;   {metadata({method} {0x000001c625461ae8} 'append' '(Ljava/lang/String;)Ljava/lang/StringBuilder;' in 'java/lang/StringBuilder')}
  0x000001c611bf1380: ffff 49ba | e01a 4625 | c601 0000 | 4c89 5424 | 0848 c704 | 24ff ffff 

  0x000001c611bf1398: ;   {runtime_call counter_overflow Runtime1 stub}
  0x000001c611bf1398: ffe8 e2f6 

  0x000001c611bf139c: ; ImmutableOopMap {[152]=Oop [232]=Oop [248]=Oop }
                      ;*synchronization entry
                      ; - java.lang.StringBuilder::append@-1
                      ; - jdk.internal.reflect.DirectConstructorHandleAccessor::newInstance@41
  0x000001c611bf139c: 2607 e9cc 

  0x000001c611bf13a0: ;   {metadata({method} {0x000001c625461880} 'append' '(I)Ljava/lang/StringBuilder;' in 'java/lang/StringBuilder')}
  0x000001c611bf13a0: f8ff ff49 | ba78 1846 | 25c6 0100 | 004c 8954 | 2408 48c7 | 0424 ffff 

  0x000001c611bf13b8: ;   {runtime_call counter_overflow Runtime1 stub}
  0x000001c611bf13b8: ffff e8c1 

  0x000001c611bf13bc: ; ImmutableOopMap {[232]=Oop [248]=Oop }
                      ;*synchronization entry
                      ; - java.lang.StringBuilder::append@-1
                      ; - jdk.internal.reflect.DirectConstructorHandleAccessor::newInstance@48
  0x000001c611bf13bc: f626 07e9 | 35f9 ffff 

  0x000001c611bf13c4: ;   {metadata({method} {0x000001c625008958} 'toString' '()Ljava/lang/String;' in 'java/lang/StringBuilder')}
  0x000001c611bf13c4: 49ba 5089 | 0025 c601 | 0000 4c89 | 5424 0848 | c704 24ff 

  0x000001c611bf13d8: ;   {runtime_call counter_overflow Runtime1 stub}
  0x000001c611bf13d8: ffff ffe8 

  0x000001c611bf13dc: ; ImmutableOopMap {[232]=Oop [248]=Oop }
                      ;*synchronization entry
                      ; - java.lang.StringBuilder::toString@-1
                      ; - jdk.internal.reflect.DirectConstructorHandleAccessor::newInstance@51
  0x000001c611bf13dc: a0f6 2607 | e988 f9ff | ff48 8bd2 

  0x000001c611bf13e8: ;   {runtime_call fast_new_instance Runtime1 stub}
  0x000001c611bf13e8: e893 6d26 

  0x000001c611bf13ec: ; ImmutableOopMap {[232]=Oop [248]=Oop }
                      ;*new {reexecute=0 rethrow=0 return_oop=0}
                      ; - java.lang.StringBuilder::toString@0
                      ; - jdk.internal.reflect.DirectConstructorHandleAccessor::newInstance@51
  0x000001c611bf13ec: 07e9 cbf9 

  0x000001c611bf13f0: ;   {metadata({method} {0x000001c625455dd8} '<init>' '(Ljava/lang/StringBuilder;)V' in 'java/lang/String')}
  0x000001c611bf13f0: ffff 49ba | d05d 4525 | c601 0000 | 4c89 5424 | 0848 c704 | 24ff ffff 

  0x000001c611bf1408: ;   {runtime_call counter_overflow Runtime1 stub}
  0x000001c611bf1408: ffe8 72f6 

  0x000001c611bf140c: ; ImmutableOopMap {rax=Oop [232]=Oop [248]=Oop }
                      ;*synchronization entry
                      ; - java.lang.String::<init>@-1
                      ; - java.lang.StringBuilder::toString@5
                      ; - jdk.internal.reflect.DirectConstructorHandleAccessor::newInstance@51
  0x000001c611bf140c: 2607 e9eb 

  0x000001c611bf1410: ;   {metadata(nullptr)}
  0x000001c611bf1410: f9ff ff48 | ba00 0000 | 0000 0000 | 00b8 000f 

  0x000001c611bf1420: ;   {runtime_call load_klass_patching Runtime1 stub}
  0x000001c611bf1420: 050a e859 

  0x000001c611bf1424: ; ImmutableOopMap {r8=Oop }
                      ;*new {reexecute=1 rethrow=0 return_oop=0}
                      ; - (reexecute) jdk.internal.reflect.DirectConstructorHandleAccessor::newInstance@121
  0x000001c611bf1424: c726 07e9 | 7cfa ffff 

  0x000001c611bf142c: ;   {runtime_call throw_null_pointer_exception Runtime1 stub}
  0x000001c611bf142c: e86f 5d26 

  0x000001c611bf1430: ; ImmutableOopMap {r8=Oop }
                      ;*new {reexecute=0 rethrow=0 return_oop=0}
                      ; - jdk.internal.reflect.DirectConstructorHandleAccessor::newInstance@121
  0x000001c611bf1430: 0748 8bd2 

  0x000001c611bf1434: ;   {runtime_call fast_new_instance_init_check Runtime1 stub}
  0x000001c611bf1434: e847 7126 

  0x000001c611bf1438: ; ImmutableOopMap {r8=Oop }
                      ;*new {reexecute=0 rethrow=0 return_oop=0}
                      ; - jdk.internal.reflect.DirectConstructorHandleAccessor::newInstance@121
  0x000001c611bf1438: 07e9 cffa | ffff 498b | 8700 0500 | 0049 c787 | 0005 0000 | 0000 0000 | 49c7 8708 | 0500 0000 
  0x000001c611bf1458: 0000 0048 | 81c4 2001 

  0x000001c611bf1460: ;   {runtime_call unwind_exception Runtime1 stub}
  0x000001c611bf1460: 0000 5de9 | 1849 2607 
[Stub Code]
  0x000001c611bf1468: ;   {no_reloc}
  0x000001c611bf1468: 0f1f 4400 

  0x000001c611bf146c: ;   {static_stub}
  0x000001c611bf146c: 0048 bb00 | 0000 0000 

  0x000001c611bf1474: ;   {runtime_call nmethod}
  0x000001c611bf1474: 0000 00e9 | fbff ffff 

  0x000001c611bf147c: ;   {static_stub}
  0x000001c611bf147c: 9048 bbb0 | 5240 3ac6 

  0x000001c611bf1484: ;   {runtime_call I2C/C2I adapters}
  0x000001c611bf1484: 0100 00e9 | e787 1a07 

  0x000001c611bf148c: ;   {static_stub}
  0x000001c611bf148c: 9048 bb10 | e50a 25c6 

  0x000001c611bf1494: ;   {runtime_call I2C/C2I adapters}
  0x000001c611bf1494: 0100 00e9 | 5301 1907 

  0x000001c611bf149c: ;   {static_stub}
  0x000001c611bf149c: 9048 bb00 | 0000 0000 

  0x000001c611bf14a4: ;   {runtime_call nmethod}
  0x000001c611bf14a4: 0000 00e9 | fbff ffff 

  0x000001c611bf14ac: ;   {static_stub}
  0x000001c611bf14ac: 9048 bb00 | 0000 0000 

  0x000001c611bf14b4: ;   {runtime_call nmethod}
  0x000001c611bf14b4: 0000 00e9 | fbff ffff 

  0x000001c611bf14bc: ;   {static_stub}
  0x000001c611bf14bc: 9048 bb00 | 0000 0000 

  0x000001c611bf14c4: ;   {runtime_call nmethod}
  0x000001c611bf14c4: 0000 00e9 | fbff ffff 

  0x000001c611bf14cc: ;   {static_stub}
  0x000001c611bf14cc: 9048 bb00 | 0000 0000 

  0x000001c611bf14d4: ;   {runtime_call nmethod}
  0x000001c611bf14d4: 0000 00e9 | fbff ffff 

  0x000001c611bf14dc: ;   {static_stub}
  0x000001c611bf14dc: 9048 bb00 | 0000 0000 

  0x000001c611bf14e4: ;   {runtime_call nmethod}
  0x000001c611bf14e4: 0000 00e9 | fbff ffff 

  0x000001c611bf14ec: ;   {static_stub}
  0x000001c611bf14ec: 9048 bb00 | 0000 0000 

  0x000001c611bf14f4: ;   {runtime_call nmethod}
  0x000001c611bf14f4: 0000 00e9 | fbff ffff 

  0x000001c611bf14fc: ;   {static_stub}
  0x000001c611bf14fc: 9048 bb00 | 0000 0000 

  0x000001c611bf1504: ;   {runtime_call nmethod}
  0x000001c611bf1504: 0000 00e9 | fbff ffff 

  0x000001c611bf150c: ;   {static_stub}
  0x000001c611bf150c: 9048 bb00 | 0000 0000 

  0x000001c611bf1514: ;   {runtime_call nmethod}
  0x000001c611bf1514: 0000 00e9 | fbff ffff 

  0x000001c611bf151c: ;   {static_stub}
  0x000001c611bf151c: 9048 bb00 | 0000 0000 

  0x000001c611bf1524: ;   {runtime_call nmethod}
  0x000001c611bf1524: 0000 00e9 | fbff ffff 

  0x000001c611bf152c: ;   {static_stub}
  0x000001c611bf152c: 48bb 0000 | 0000 0000 

  0x000001c611bf1534: ;   {runtime_call nmethod}
  0x000001c611bf1534: 0000 e9fb 

  0x000001c611bf1538: ;   {static_stub}
  0x000001c611bf1538: ffff ff48 | bb00 0000 | 0000 0000 

  0x000001c611bf1544: ;   {runtime_call nmethod}
  0x000001c611bf1544: 00e9 fbff 

  0x000001c611bf1548: ;   {static_stub}
  0x000001c611bf1548: ffff 48bb | 0000 0000 | 0000 0000 

  0x000001c611bf1554: ;   {runtime_call nmethod}
  0x000001c611bf1554: e9fb ffff 

  0x000001c611bf1558: ;   {static_stub}
  0x000001c611bf1558: ff48 bb00 | 0000 0000 

  0x000001c611bf1560: ;   {runtime_call nmethod}
  0x000001c611bf1560: 0000 00e9 | fbff ffff 

  0x000001c611bf1568: ;   {static_stub}
  0x000001c611bf1568: 48bb 0000 | 0000 0000 

  0x000001c611bf1570: ;   {runtime_call nmethod}
  0x000001c611bf1570: 0000 e9fb 

  0x000001c611bf1574: ;   {static_stub}
  0x000001c611bf1574: ffff ff48 | bb00 0000 | 0000 0000 

  0x000001c611bf1580: ;   {runtime_call nmethod}
  0x000001c611bf1580: 00e9 fbff 

  0x000001c611bf1584: ;   {static_stub}
  0x000001c611bf1584: ffff 48bb | 0000 0000 | 0000 0000 

  0x000001c611bf1590: ;   {runtime_call nmethod}
  0x000001c611bf1590: e9fb ffff 

  0x000001c611bf1594: ;   {static_stub}
  0x000001c611bf1594: ff48 bb00 | 0000 0000 

  0x000001c611bf159c: ;   {runtime_call nmethod}
  0x000001c611bf159c: 0000 00e9 | fbff ffff 

  0x000001c611bf15a4: ;   {static_stub}
  0x000001c611bf15a4: 48bb 0000 | 0000 0000 

  0x000001c611bf15ac: ;   {runtime_call nmethod}
  0x000001c611bf15ac: 0000 e9fb 

  0x000001c611bf15b0: ;   {runtime_call handle_exception_from_callee Runtime1 stub}
  0x000001c611bf15b0: ffff ffe8 | c88b 2607 

  0x000001c611bf15b8: ;   {external_word}
  0x000001c611bf15b8: 48b9 4053 | d139 fa7f | 0000 4883 

  0x000001c611bf15c4: ;   {runtime_call}
  0x000001c611bf15c4: e4f0 48b8 | b0c3 9339 | fa7f 0000 

  0x000001c611bf15d0: ;   {section_word}
  0x000001c611bf15d0: ffd0 f449 | bad3 15bf | 11c6 0100 

  0x000001c611bf15dc: ;   {runtime_call DeoptimizationBlob}
  0x000001c611bf15dc: 0041 52e9 | 3c68 1a07 
[Deopt MH Handler Code]
  0x000001c611bf15e4: ;   {section_word}
  0x000001c611bf15e4: 49ba e415 | bf11 c601 | 0000 4152 

  0x000001c611bf15f0: ;   {runtime_call DeoptimizationBlob}
  0x000001c611bf15f0: e92b 681a | 07f4 f4f4 
[/MachCode]


---------------  P R O C E S S  ---------------

Threads class SMR info:
_java_thread_list=0x000001c6412c6290, length=40, elements={
0x000001c60c2fbc90, 0x000001c624b58990, 0x000001c624b5b400, 0x000001c624b5c470,
0x000001c624b5d130, 0x000001c624b62680, 0x000001c624b5fce0, 0x000001c624b80760,
0x000001c624b81200, 0x000001c624c84000, 0x000001c624c84ac0, 0x000001c624dfc450,
0x000001c624e2cf70, 0x000001c624f3cb10, 0x000001c624f2b2b0, 0x000001c624f04a20,
0x000001c63e5d8d30, 0x000001c64017c190, 0x000001c6407c08a0, 0x000001c6407be0e0,
0x000001c63f0c6b20, 0x000001c63f0aff30, 0x000001c63f0c98c0, 0x000001c63ffac840,
0x000001c63ffad560, 0x000001c63ffaced0, 0x000001c63ffab490, 0x000001c63ffaa0e0,
0x000001c63ffabb20, 0x000001c63ffaa770, 0x000001c641645670, 0x000001c641642880,
0x000001c641644fe0, 0x000001c6416442c0, 0x000001c641644950, 0x000001c6416421f0,
0x000001c641645d00, 0x000001c6416435a0, 0x000001c6416470b0, 0x000001c641646390
}

Java Threads: ( => current thread )
  0x000001c60c2fbc90 JavaThread "main"                              [_thread_blocked, id=36712, stack(0x000000608d800000,0x000000608d900000) (1024K)]
  0x000001c624b58990 JavaThread "Reference Handler"          daemon [_thread_blocked, id=36684, stack(0x000000608e000000,0x000000608e100000) (1024K)]
  0x000001c624b5b400 JavaThread "Finalizer"                  daemon [_thread_blocked, id=36688, stack(0x000000608e100000,0x000000608e200000) (1024K)]
  0x000001c624b5c470 JavaThread "Signal Dispatcher"          daemon [_thread_blocked, id=36720, stack(0x000000608e200000,0x000000608e300000) (1024K)]
  0x000001c624b5d130 JavaThread "Attach Listener"            daemon [_thread_blocked, id=36728, stack(0x000000608e300000,0x000000608e400000) (1024K)]
  0x000001c624b62680 JavaThread "Service Thread"             daemon [_thread_blocked, id=36732, stack(0x000000608e400000,0x000000608e500000) (1024K)]
  0x000001c624b5fce0 JavaThread "Monitor Deflation Thread"   daemon [_thread_blocked, id=36740, stack(0x000000608e500000,0x000000608e600000) (1024K)]
  0x000001c624b80760 JavaThread "C2 CompilerThread0"         daemon [_thread_in_native, id=36744, stack(0x000000608e600000,0x000000608e700000) (1024K)]
  0x000001c624b81200 JavaThread "C1 CompilerThread0"         daemon [_thread_blocked, id=36748, stack(0x000000608e700000,0x000000608e800000) (1024K)]
  0x000001c624c84000 JavaThread "C1 CompilerThread1"         daemon [_thread_blocked, id=36752, stack(0x000000608e800000,0x000000608e900000) (1024K)]
  0x000001c624c84ac0 JavaThread "C1 CompilerThread2"         daemon [_thread_blocked, id=36756, stack(0x000000608e900000,0x000000608ea00000) (1024K)]
  0x000001c624dfc450 JavaThread "Common-Cleaner"             daemon [_thread_blocked, id=36760, stack(0x000000608ea00000,0x000000608eb00000) (1024K)]
  0x000001c624e2cf70 JavaThread "Notification Thread"        daemon [_thread_blocked, id=36696, stack(0x000000608eb00000,0x000000608ec00000) (1024K)]
  0x000001c624f3cb10 JavaThread "C2 CompilerThread1"         daemon [_thread_in_native, id=35364, stack(0x000000608ec00000,0x000000608ed00000) (1024K)]
  0x000001c624f2b2b0 JavaThread "C2 CompilerThread2"         daemon [_thread_in_native, id=34332, stack(0x000000608ed00000,0x000000608ee00000) (1024K)]
  0x000001c624f04a20 JavaThread "C2 CompilerThread3"         daemon [_thread_in_native, id=26924, stack(0x000000608ee00000,0x000000608ef00000) (1024K)]
  0x000001c63e5d8d30 JavaThread "C1 CompilerThread3"         daemon [_thread_blocked, id=21828, stack(0x000000608f500000,0x000000608f600000) (1024K)]
  0x000001c64017c190 JavaThread "Daemon health stats"               [_thread_blocked, id=34548, stack(0x000000608f600000,0x000000608f700000) (1024K)]
  0x000001c6407c08a0 JavaThread "Incoming local TCP Connector on port 57603"        [_thread_in_native, id=36660, stack(0x000000608f700000,0x000000608f800000) (1024K)]
  0x000001c6407be0e0 JavaThread "Daemon periodic checks"            [_thread_blocked, id=36656, stack(0x000000608f800000,0x000000608f900000) (1024K)]
  0x000001c63f0c6b20 JavaThread "Daemon"                            [_thread_blocked, id=35012, stack(0x000000608f900000,0x000000608fa00000) (1024K)]
  0x000001c63f0aff30 JavaThread "Handler for socket connection from /127.0.0.1:57603 to /127.0.0.1:57604"        [_thread_in_native, id=35348, stack(0x000000608fa00000,0x000000608fb00000) (1024K)]
  0x000001c63f0c98c0 JavaThread "Cancel handler"                    [_thread_blocked, id=35352, stack(0x000000608fb00000,0x000000608fc00000) (1024K)]
=>0x000001c63ffac840 JavaThread "Daemon worker"                     [_thread_in_vm, id=36780, stack(0x000000608fc00000,0x000000608fd00000) (1024K)]
  0x000001c63ffad560 JavaThread "Asynchronous log dispatcher for DefaultDaemonConnection: socket connection from /127.0.0.1:57603 to /127.0.0.1:57604"        [_thread_blocked, id=35480, stack(0x000000608fd00000,0x000000608fe00000) (1024K)]
  0x000001c63ffaced0 JavaThread "Stdin handler"                     [_thread_blocked, id=35484, stack(0x000000608fe00000,0x000000608ff00000) (1024K)]
  0x000001c63ffab490 JavaThread "Daemon client event forwarder"        [_thread_blocked, id=35476, stack(0x000000608ff00000,0x0000006090000000) (1024K)]
  0x000001c63ffaa0e0 JavaThread "Cache worker for journal cache (C:\Users\Admin\.gradle\caches\journal-1)"        [_thread_blocked, id=34916, stack(0x0000006090000000,0x0000006090100000) (1024K)]
  0x000001c63ffabb20 JavaThread "File lock request listener"        [_thread_in_native, id=35020, stack(0x0000006090100000,0x0000006090200000) (1024K)]
  0x000001c63ffaa770 JavaThread "Cache worker for file hash cache (C:\Users\Admin\.gradle\caches\9.4.1\fileHashes)"        [_thread_blocked, id=30416, stack(0x0000006090200000,0x0000006090300000) (1024K)]
  0x000001c641645670 JavaThread "Cache worker for file hash cache (D:\Java_Web\Projects\.gradle\9.4.1\fileHashes)"        [_thread_blocked, id=35852, stack(0x0000006090c00000,0x0000006090d00000) (1024K)]
  0x000001c641642880 JavaThread "Cache worker for Build Output Cleanup Cache (D:\Java_Web\Projects\.gradle\buildOutputCleanup)"        [_thread_blocked, id=34856, stack(0x0000006090d00000,0x0000006090e00000) (1024K)]
  0x000001c641644fe0 JavaThread "File watcher server"        daemon [_thread_in_native, id=35984, stack(0x0000006090e00000,0x0000006090f00000) (1024K)]
  0x000001c6416442c0 JavaThread "File watcher consumer"      daemon [_thread_blocked, id=35948, stack(0x0000006090f00000,0x0000006091000000) (1024K)]
  0x000001c641644950 JavaThread "Cache worker for file content cache (C:\Users\Admin\.gradle\caches\9.4.1\fileContent)"        [_thread_blocked, id=35940, stack(0x000000608ef00000,0x000000608f000000) (1024K)]
  0x000001c6416421f0 JavaThread "Cache worker for checksums cache (D:\Java_Web\Projects\.gradle\9.4.1\checksums)"        [_thread_blocked, id=35964, stack(0x0000006091000000,0x0000006091100000) (1024K)]
  0x000001c641645d00 JavaThread "Cache worker for cache directory md-supplier (C:\Users\Admin\.gradle\caches\9.4.1\md-supplier)"        [_thread_blocked, id=35944, stack(0x0000006091100000,0x0000006091200000) (1024K)]
  0x000001c6416435a0 JavaThread "Cache worker for cache directory md-rule (C:\Users\Admin\.gradle\caches\9.4.1\md-rule)"        [_thread_blocked, id=35936, stack(0x0000006091200000,0x0000006091300000) (1024K)]
  0x000001c6416470b0 JavaThread "jar transforms"                    [_thread_blocked, id=23572, stack(0x0000006091300000,0x0000006091400000) (1024K)]
  0x000001c641646390 JavaThread "jar transforms Thread 2"           [_thread_blocked, id=36348, stack(0x0000006091400000,0x0000006091500000) (1024K)]
Total: 40

Other Threads:
  0x000001c624b3bca0 VMThread "VM Thread"                           [id=36680, stack(0x000000608df00000,0x000000608e000000) (1024K)]
  0x000001c624b2d470 WatcherThread "VM Periodic Task Thread"        [id=36672, stack(0x000000608de00000,0x000000608df00000) (1024K)]
  0x000001c60e71f1c0 WorkerThread "GC Thread#0"                     [id=36736, stack(0x000000608d900000,0x000000608da00000) (1024K)]
  0x000001c63eb8a340 WorkerThread "GC Thread#1"                     [id=34880, stack(0x000000608f000000,0x000000608f100000) (1024K)]
  0x000001c63e78dd50 WorkerThread "GC Thread#2"                     [id=34564, stack(0x000000608f100000,0x000000608f200000) (1024K)]
  0x000001c63e78e100 WorkerThread "GC Thread#3"                     [id=31812, stack(0x000000608f200000,0x000000608f300000) (1024K)]
  0x000001c63ed3f9f0 WorkerThread "GC Thread#4"                     [id=36764, stack(0x000000608f300000,0x000000608f400000) (1024K)]
  0x000001c63ed3fda0 WorkerThread "GC Thread#5"                     [id=36784, stack(0x000000608f400000,0x000000608f500000) (1024K)]
  0x000001c6401dfd20 WorkerThread "GC Thread#6"                     [id=30380, stack(0x0000006090300000,0x0000006090400000) (1024K)]
  0x000001c64093ab30 WorkerThread "GC Thread#7"                     [id=35048, stack(0x0000006090400000,0x0000006090500000) (1024K)]
  0x000001c64093d3c0 WorkerThread "GC Thread#8"                     [id=35016, stack(0x0000006090500000,0x0000006090600000) (1024K)]
  0x000001c64093c8b0 WorkerThread "GC Thread#9"                     [id=35024, stack(0x0000006090600000,0x0000006090700000) (1024K)]
  0x000001c64093aee0 WorkerThread "GC Thread#10"                    [id=35188, stack(0x0000006090700000,0x0000006090800000) (1024K)]
  0x000001c64093b640 WorkerThread "GC Thread#11"                    [id=34156, stack(0x0000006090800000,0x0000006090900000) (1024K)]
  0x000001c64093cc60 WorkerThread "GC Thread#12"                    [id=34584, stack(0x0000006090900000,0x0000006090a00000) (1024K)]
  0x000001c60e7240c0 ConcurrentGCThread "G1 Main Marker"            [id=36668, stack(0x000000608da00000,0x000000608db00000) (1024K)]
  0x000001c60e726970 WorkerThread "G1 Conc#0"                       [id=36652, stack(0x000000608db00000,0x000000608dc00000) (1024K)]
  0x000001c64093b9f0 WorkerThread "G1 Conc#1"                       [id=35384, stack(0x0000006090a00000,0x0000006090b00000) (1024K)]
  0x000001c64093db20 WorkerThread "G1 Conc#2"                       [id=35644, stack(0x0000006090b00000,0x0000006090c00000) (1024K)]
  0x000001c624a01a80 ConcurrentGCThread "G1 Refine#0"               [id=36648, stack(0x000000608dc00000,0x000000608dd00000) (1024K)]
  0x000001c624a042c0 ConcurrentGCThread "G1 Service"                [id=36644, stack(0x000000608dd00000,0x000000608de00000) (1024K)]
Total: 21

Threads with active compile tasks:
C2 CompilerThread0  3299 4089   !   4       java.net.URLClassLoader::findClass (47 bytes)
C2 CompilerThread1  3299 4075   !   4       java.lang.ClassLoader::loadClass (121 bytes)
C2 CompilerThread2  3299 4091   !   4       java.net.URLClassLoader$1::run (81 bytes)
C2 CompilerThread3  3299 4090       4       java.net.URLClassLoader$1::run (5 bytes)
Total: 4

VM state: not at safepoint (normal execution)

VM Mutex/Monitor currently owned by a thread:  ([mutex/lock_event])
[0x00007ffa39fcc4e0] Metaspace_lock - owner thread: 0x000001c63ffac840

Heap address: 0x00000000e0000000, size: 512 MB, Compressed Oops mode: 32-bit

CDS archive(s) mapped at: [0x000001c625000000-0x000001c625ba0000-0x000001c625ba0000), size 12189696, SharedBaseAddress: 0x000001c625000000, ArchiveRelocationMode: 1.
Compressed class space mapped at: 0x000001c626000000-0x000001c63a000000, reserved size: 335544320
Narrow klass base: 0x000001c625000000, Narrow klass shift: 0, Narrow klass range: 0x100000000

GC Precious Log:
 CardTable entry size: 512
 Card Set container configuration: InlinePtr #cards 5 size 8 Array Of Cards #cards 12 size 40 Howl #buckets 4 coarsen threshold 1843 Howl Bitmap #cards 512 size 80 coarsen threshold 460 Card regions per heap region 1 cards per card region 2048
 CPUs: 16 total, 16 available
 Memory: 14086M
 Large Page Support: Disabled
 NUMA Support: Disabled
 Compressed Oops: Enabled (32-bit)
 Heap Region Size: 1M
 Heap Min Capacity: 256M
 Heap Initial Capacity: 256M
 Heap Max Capacity: 512M
 Pre-touch: Disabled
 Parallel Workers: 13
 Concurrent Workers: 3
 Concurrent Refinement Workers: 13
 Periodic GC: Disabled

Heap:
 garbage-first heap   total 262144K, used 121870K [0x00000000e0000000, 0x0000000100000000)
  region size 1024K, 109 young (111616K), 12 survivors (12288K)
 Metaspace       used 33674K, committed 34944K, reserved 393216K
  class space    used 4998K, committed 5632K, reserved 327680K

Heap Regions: E=young(eden), S=young(survivor), O=old, HS=humongous(starts), HC=humongous(continues), CS=collection set, F=free, TAMS=top-at-mark-start, PB=parsable bottom
|   0|0x00000000e0000000, 0x00000000e0100000, 0x00000000e0100000|100%|HS|  |TAMS 0x00000000e0000000| PB 0x00000000e0000000| Complete 
|   1|0x00000000e0100000, 0x00000000e0200000, 0x00000000e0200000|100%|HC|  |TAMS 0x00000000e0100000| PB 0x00000000e0100000| Complete 
|   2|0x00000000e0200000, 0x00000000e0300000, 0x00000000e0300000|100%|HC|  |TAMS 0x00000000e0200000| PB 0x00000000e0200000| Complete 
|   3|0x00000000e0300000, 0x00000000e0400000, 0x00000000e0400000|100%|HC|  |TAMS 0x00000000e0300000| PB 0x00000000e0300000| Complete 
|   4|0x00000000e0400000, 0x00000000e0500000, 0x00000000e0500000|100%| O|  |TAMS 0x00000000e0400000| PB 0x00000000e0400000| Untracked 
|   5|0x00000000e0500000, 0x00000000e0600000, 0x00000000e0600000|100%| O|  |TAMS 0x00000000e0500000| PB 0x00000000e0500000| Untracked 
|   6|0x00000000e0600000, 0x00000000e0700000, 0x00000000e0700000|100%| O|  |TAMS 0x00000000e0600000| PB 0x00000000e0600000| Untracked 
|   7|0x00000000e0700000, 0x00000000e0800000, 0x00000000e0800000|100%| O|  |TAMS 0x00000000e0700000| PB 0x00000000e0700000| Untracked 
|   8|0x00000000e0800000, 0x00000000e0900000, 0x00000000e0900000|100%|HS|  |TAMS 0x00000000e0800000| PB 0x00000000e0800000| Complete 
|   9|0x00000000e0900000, 0x00000000e0900000, 0x00000000e0a00000|  0%| F|  |TAMS 0x00000000e0900000| PB 0x00000000e0900000| Untracked 
|  10|0x00000000e0a00000, 0x00000000e0b00000, 0x00000000e0b00000|100%| O|  |TAMS 0x00000000e0a00000| PB 0x00000000e0a00000| Untracked 
|  11|0x00000000e0b00000, 0x00000000e0c00000, 0x00000000e0c00000|100%| O|  |TAMS 0x00000000e0b00000| PB 0x00000000e0b00000| Untracked 
|  12|0x00000000e0c00000, 0x00000000e0c9df48, 0x00000000e0d00000| 61%| O|  |TAMS 0x00000000e0c00000| PB 0x00000000e0c00000| Untracked 
|  13|0x00000000e0d00000, 0x00000000e0d00000, 0x00000000e0e00000|  0%| F|  |TAMS 0x00000000e0d00000| PB 0x00000000e0d00000| Untracked 
|  14|0x00000000e0e00000, 0x00000000e0e00000, 0x00000000e0f00000|  0%| F|  |TAMS 0x00000000e0e00000| PB 0x00000000e0e00000| Untracked 
|  15|0x00000000e0f00000, 0x00000000e0f00000, 0x00000000e1000000|  0%| F|  |TAMS 0x00000000e0f00000| PB 0x00000000e0f00000| Untracked 
|  16|0x00000000e1000000, 0x00000000e1000000, 0x00000000e1100000|  0%| F|  |TAMS 0x00000000e1000000| PB 0x00000000e1000000| Untracked 
|  17|0x00000000e1100000, 0x00000000e1100000, 0x00000000e1200000|  0%| F|  |TAMS 0x00000000e1100000| PB 0x00000000e1100000| Untracked 
|  18|0x00000000e1200000, 0x00000000e1200000, 0x00000000e1300000|  0%| F|  |TAMS 0x00000000e1200000| PB 0x00000000e1200000| Untracked 
|  19|0x00000000e1300000, 0x00000000e1300000, 0x00000000e1400000|  0%| F|  |TAMS 0x00000000e1300000| PB 0x00000000e1300000| Untracked 
|  20|0x00000000e1400000, 0x00000000e1400000, 0x00000000e1500000|  0%| F|  |TAMS 0x00000000e1400000| PB 0x00000000e1400000| Untracked 
|  21|0x00000000e1500000, 0x00000000e1500000, 0x00000000e1600000|  0%| F|  |TAMS 0x00000000e1500000| PB 0x00000000e1500000| Untracked 
|  22|0x00000000e1600000, 0x00000000e1600000, 0x00000000e1700000|  0%| F|  |TAMS 0x00000000e1600000| PB 0x00000000e1600000| Untracked 
|  23|0x00000000e1700000, 0x00000000e1700000, 0x00000000e1800000|  0%| F|  |TAMS 0x00000000e1700000| PB 0x00000000e1700000| Untracked 
|  24|0x00000000e1800000, 0x00000000e1800000, 0x00000000e1900000|  0%| F|  |TAMS 0x00000000e1800000| PB 0x00000000e1800000| Untracked 
|  25|0x00000000e1900000, 0x00000000e1900000, 0x00000000e1a00000|  0%| F|  |TAMS 0x00000000e1900000| PB 0x00000000e1900000| Untracked 
|  26|0x00000000e1a00000, 0x00000000e1a00000, 0x00000000e1b00000|  0%| F|  |TAMS 0x00000000e1a00000| PB 0x00000000e1a00000| Untracked 
|  27|0x00000000e1b00000, 0x00000000e1b00000, 0x00000000e1c00000|  0%| F|  |TAMS 0x00000000e1b00000| PB 0x00000000e1b00000| Untracked 
|  28|0x00000000e1c00000, 0x00000000e1c00000, 0x00000000e1d00000|  0%| F|  |TAMS 0x00000000e1c00000| PB 0x00000000e1c00000| Untracked 
|  29|0x00000000e1d00000, 0x00000000e1d00000, 0x00000000e1e00000|  0%| F|  |TAMS 0x00000000e1d00000| PB 0x00000000e1d00000| Untracked 
|  30|0x00000000e1e00000, 0x00000000e1e00000, 0x00000000e1f00000|  0%| F|  |TAMS 0x00000000e1e00000| PB 0x00000000e1e00000| Untracked 
|  31|0x00000000e1f00000, 0x00000000e1f00000, 0x00000000e2000000|  0%| F|  |TAMS 0x00000000e1f00000| PB 0x00000000e1f00000| Untracked 
|  32|0x00000000e2000000, 0x00000000e2000000, 0x00000000e2100000|  0%| F|  |TAMS 0x00000000e2000000| PB 0x00000000e2000000| Untracked 
|  33|0x00000000e2100000, 0x00000000e2100000, 0x00000000e2200000|  0%| F|  |TAMS 0x00000000e2100000| PB 0x00000000e2100000| Untracked 
|  34|0x00000000e2200000, 0x00000000e2200000, 0x00000000e2300000|  0%| F|  |TAMS 0x00000000e2200000| PB 0x00000000e2200000| Untracked 
|  35|0x00000000e2300000, 0x00000000e2300000, 0x00000000e2400000|  0%| F|  |TAMS 0x00000000e2300000| PB 0x00000000e2300000| Untracked 
|  36|0x00000000e2400000, 0x00000000e2400000, 0x00000000e2500000|  0%| F|  |TAMS 0x00000000e2400000| PB 0x00000000e2400000| Untracked 
|  37|0x00000000e2500000, 0x00000000e2500000, 0x00000000e2600000|  0%| F|  |TAMS 0x00000000e2500000| PB 0x00000000e2500000| Untracked 
|  38|0x00000000e2600000, 0x00000000e2600000, 0x00000000e2700000|  0%| F|  |TAMS 0x00000000e2600000| PB 0x00000000e2600000| Untracked 
|  39|0x00000000e2700000, 0x00000000e2700000, 0x00000000e2800000|  0%| F|  |TAMS 0x00000000e2700000| PB 0x00000000e2700000| Untracked 
|  40|0x00000000e2800000, 0x00000000e2800000, 0x00000000e2900000|  0%| F|  |TAMS 0x00000000e2800000| PB 0x00000000e2800000| Untracked 
|  41|0x00000000e2900000, 0x00000000e2900000, 0x00000000e2a00000|  0%| F|  |TAMS 0x00000000e2900000| PB 0x00000000e2900000| Untracked 
|  42|0x00000000e2a00000, 0x00000000e2a00000, 0x00000000e2b00000|  0%| F|  |TAMS 0x00000000e2a00000| PB 0x00000000e2a00000| Untracked 
|  43|0x00000000e2b00000, 0x00000000e2b00000, 0x00000000e2c00000|  0%| F|  |TAMS 0x00000000e2b00000| PB 0x00000000e2b00000| Untracked 
|  44|0x00000000e2c00000, 0x00000000e2c00000, 0x00000000e2d00000|  0%| F|  |TAMS 0x00000000e2c00000| PB 0x00000000e2c00000| Untracked 
|  45|0x00000000e2d00000, 0x00000000e2d00000, 0x00000000e2e00000|  0%| F|  |TAMS 0x00000000e2d00000| PB 0x00000000e2d00000| Untracked 
|  46|0x00000000e2e00000, 0x00000000e2e00000, 0x00000000e2f00000|  0%| F|  |TAMS 0x00000000e2e00000| PB 0x00000000e2e00000| Untracked 
|  47|0x00000000e2f00000, 0x00000000e2f00000, 0x00000000e3000000|  0%| F|  |TAMS 0x00000000e2f00000| PB 0x00000000e2f00000| Untracked 
|  48|0x00000000e3000000, 0x00000000e3000000, 0x00000000e3100000|  0%| F|  |TAMS 0x00000000e3000000| PB 0x00000000e3000000| Untracked 
|  49|0x00000000e3100000, 0x00000000e3100000, 0x00000000e3200000|  0%| F|  |TAMS 0x00000000e3100000| PB 0x00000000e3100000| Untracked 
|  50|0x00000000e3200000, 0x00000000e3200000, 0x00000000e3300000|  0%| F|  |TAMS 0x00000000e3200000| PB 0x00000000e3200000| Untracked 
|  51|0x00000000e3300000, 0x00000000e3300000, 0x00000000e3400000|  0%| F|  |TAMS 0x00000000e3300000| PB 0x00000000e3300000| Untracked 
|  52|0x00000000e3400000, 0x00000000e3400000, 0x00000000e3500000|  0%| F|  |TAMS 0x00000000e3400000| PB 0x00000000e3400000| Untracked 
|  53|0x00000000e3500000, 0x00000000e3500000, 0x00000000e3600000|  0%| F|  |TAMS 0x00000000e3500000| PB 0x00000000e3500000| Untracked 
|  54|0x00000000e3600000, 0x00000000e3600000, 0x00000000e3700000|  0%| F|  |TAMS 0x00000000e3600000| PB 0x00000000e3600000| Untracked 
|  55|0x00000000e3700000, 0x00000000e3700000, 0x00000000e3800000|  0%| F|  |TAMS 0x00000000e3700000| PB 0x00000000e3700000| Untracked 
|  56|0x00000000e3800000, 0x00000000e3800000, 0x00000000e3900000|  0%| F|  |TAMS 0x00000000e3800000| PB 0x00000000e3800000| Untracked 
|  57|0x00000000e3900000, 0x00000000e3900000, 0x00000000e3a00000|  0%| F|  |TAMS 0x00000000e3900000| PB 0x00000000e3900000| Untracked 
|  58|0x00000000e3a00000, 0x00000000e3a00000, 0x00000000e3b00000|  0%| F|  |TAMS 0x00000000e3a00000| PB 0x00000000e3a00000| Untracked 
|  59|0x00000000e3b00000, 0x00000000e3b00000, 0x00000000e3c00000|  0%| F|  |TAMS 0x00000000e3b00000| PB 0x00000000e3b00000| Untracked 
|  60|0x00000000e3c00000, 0x00000000e3c00000, 0x00000000e3d00000|  0%| F|  |TAMS 0x00000000e3c00000| PB 0x00000000e3c00000| Untracked 
|  61|0x00000000e3d00000, 0x00000000e3d00000, 0x00000000e3e00000|  0%| F|  |TAMS 0x00000000e3d00000| PB 0x00000000e3d00000| Untracked 
|  62|0x00000000e3e00000, 0x00000000e3e00000, 0x00000000e3f00000|  0%| F|  |TAMS 0x00000000e3e00000| PB 0x00000000e3e00000| Untracked 
|  63|0x00000000e3f00000, 0x00000000e3f00000, 0x00000000e4000000|  0%| F|  |TAMS 0x00000000e3f00000| PB 0x00000000e3f00000| Untracked 
|  64|0x00000000e4000000, 0x00000000e4000000, 0x00000000e4100000|  0%| F|  |TAMS 0x00000000e4000000| PB 0x00000000e4000000| Untracked 
|  65|0x00000000e4100000, 0x00000000e4100000, 0x00000000e4200000|  0%| F|  |TAMS 0x00000000e4100000| PB 0x00000000e4100000| Untracked 
|  66|0x00000000e4200000, 0x00000000e4200000, 0x00000000e4300000|  0%| F|  |TAMS 0x00000000e4200000| PB 0x00000000e4200000| Untracked 
|  67|0x00000000e4300000, 0x00000000e4300000, 0x00000000e4400000|  0%| F|  |TAMS 0x00000000e4300000| PB 0x00000000e4300000| Untracked 
|  68|0x00000000e4400000, 0x00000000e4400000, 0x00000000e4500000|  0%| F|  |TAMS 0x00000000e4400000| PB 0x00000000e4400000| Untracked 
|  69|0x00000000e4500000, 0x00000000e4500000, 0x00000000e4600000|  0%| F|  |TAMS 0x00000000e4500000| PB 0x00000000e4500000| Untracked 
|  70|0x00000000e4600000, 0x00000000e4600000, 0x00000000e4700000|  0%| F|  |TAMS 0x00000000e4600000| PB 0x00000000e4600000| Untracked 
|  71|0x00000000e4700000, 0x00000000e4700000, 0x00000000e4800000|  0%| F|  |TAMS 0x00000000e4700000| PB 0x00000000e4700000| Untracked 
|  72|0x00000000e4800000, 0x00000000e4800000, 0x00000000e4900000|  0%| F|  |TAMS 0x00000000e4800000| PB 0x00000000e4800000| Untracked 
|  73|0x00000000e4900000, 0x00000000e4900000, 0x00000000e4a00000|  0%| F|  |TAMS 0x00000000e4900000| PB 0x00000000e4900000| Untracked 
|  74|0x00000000e4a00000, 0x00000000e4a00000, 0x00000000e4b00000|  0%| F|  |TAMS 0x00000000e4a00000| PB 0x00000000e4a00000| Untracked 
|  75|0x00000000e4b00000, 0x00000000e4b00000, 0x00000000e4c00000|  0%| F|  |TAMS 0x00000000e4b00000| PB 0x00000000e4b00000| Untracked 
|  76|0x00000000e4c00000, 0x00000000e4c00000, 0x00000000e4d00000|  0%| F|  |TAMS 0x00000000e4c00000| PB 0x00000000e4c00000| Untracked 
|  77|0x00000000e4d00000, 0x00000000e4d00000, 0x00000000e4e00000|  0%| F|  |TAMS 0x00000000e4d00000| PB 0x00000000e4d00000| Untracked 
|  78|0x00000000e4e00000, 0x00000000e4e00000, 0x00000000e4f00000|  0%| F|  |TAMS 0x00000000e4e00000| PB 0x00000000e4e00000| Untracked 
|  79|0x00000000e4f00000, 0x00000000e4f00000, 0x00000000e5000000|  0%| F|  |TAMS 0x00000000e4f00000| PB 0x00000000e4f00000| Untracked 
|  80|0x00000000e5000000, 0x00000000e5000000, 0x00000000e5100000|  0%| F|  |TAMS 0x00000000e5000000| PB 0x00000000e5000000| Untracked 
|  81|0x00000000e5100000, 0x00000000e5100000, 0x00000000e5200000|  0%| F|  |TAMS 0x00000000e5100000| PB 0x00000000e5100000| Untracked 
|  82|0x00000000e5200000, 0x00000000e5200000, 0x00000000e5300000|  0%| F|  |TAMS 0x00000000e5200000| PB 0x00000000e5200000| Untracked 
|  83|0x00000000e5300000, 0x00000000e5300000, 0x00000000e5400000|  0%| F|  |TAMS 0x00000000e5300000| PB 0x00000000e5300000| Untracked 
|  84|0x00000000e5400000, 0x00000000e5400000, 0x00000000e5500000|  0%| F|  |TAMS 0x00000000e5400000| PB 0x00000000e5400000| Untracked 
|  85|0x00000000e5500000, 0x00000000e5500000, 0x00000000e5600000|  0%| F|  |TAMS 0x00000000e5500000| PB 0x00000000e5500000| Untracked 
|  86|0x00000000e5600000, 0x00000000e5600000, 0x00000000e5700000|  0%| F|  |TAMS 0x00000000e5600000| PB 0x00000000e5600000| Untracked 
|  87|0x00000000e5700000, 0x00000000e5700000, 0x00000000e5800000|  0%| F|  |TAMS 0x00000000e5700000| PB 0x00000000e5700000| Untracked 
|  88|0x00000000e5800000, 0x00000000e5800000, 0x00000000e5900000|  0%| F|  |TAMS 0x00000000e5800000| PB 0x00000000e5800000| Untracked 
|  89|0x00000000e5900000, 0x00000000e5900000, 0x00000000e5a00000|  0%| F|  |TAMS 0x00000000e5900000| PB 0x00000000e5900000| Untracked 
|  90|0x00000000e5a00000, 0x00000000e5a00000, 0x00000000e5b00000|  0%| F|  |TAMS 0x00000000e5a00000| PB 0x00000000e5a00000| Untracked 
|  91|0x00000000e5b00000, 0x00000000e5b00000, 0x00000000e5c00000|  0%| F|  |TAMS 0x00000000e5b00000| PB 0x00000000e5b00000| Untracked 
|  92|0x00000000e5c00000, 0x00000000e5c00000, 0x00000000e5d00000|  0%| F|  |TAMS 0x00000000e5c00000| PB 0x00000000e5c00000| Untracked 
|  93|0x00000000e5d00000, 0x00000000e5d00000, 0x00000000e5e00000|  0%| F|  |TAMS 0x00000000e5d00000| PB 0x00000000e5d00000| Untracked 
|  94|0x00000000e5e00000, 0x00000000e5e00000, 0x00000000e5f00000|  0%| F|  |TAMS 0x00000000e5e00000| PB 0x00000000e5e00000| Untracked 
|  95|0x00000000e5f00000, 0x00000000e5f00000, 0x00000000e6000000|  0%| F|  |TAMS 0x00000000e5f00000| PB 0x00000000e5f00000| Untracked 
|  96|0x00000000e6000000, 0x00000000e6000000, 0x00000000e6100000|  0%| F|  |TAMS 0x00000000e6000000| PB 0x00000000e6000000| Untracked 
|  97|0x00000000e6100000, 0x00000000e6100000, 0x00000000e6200000|  0%| F|  |TAMS 0x00000000e6100000| PB 0x00000000e6100000| Untracked 
|  98|0x00000000e6200000, 0x00000000e6200000, 0x00000000e6300000|  0%| F|  |TAMS 0x00000000e6200000| PB 0x00000000e6200000| Untracked 
|  99|0x00000000e6300000, 0x00000000e6300000, 0x00000000e6400000|  0%| F|  |TAMS 0x00000000e6300000| PB 0x00000000e6300000| Untracked 
| 100|0x00000000e6400000, 0x00000000e6400000, 0x00000000e6500000|  0%| F|  |TAMS 0x00000000e6400000| PB 0x00000000e6400000| Untracked 
| 101|0x00000000e6500000, 0x00000000e6500000, 0x00000000e6600000|  0%| F|  |TAMS 0x00000000e6500000| PB 0x00000000e6500000| Untracked 
| 102|0x00000000e6600000, 0x00000000e6600000, 0x00000000e6700000|  0%| F|  |TAMS 0x00000000e6600000| PB 0x00000000e6600000| Untracked 
| 103|0x00000000e6700000, 0x00000000e6700000, 0x00000000e6800000|  0%| F|  |TAMS 0x00000000e6700000| PB 0x00000000e6700000| Untracked 
| 104|0x00000000e6800000, 0x00000000e6800000, 0x00000000e6900000|  0%| F|  |TAMS 0x00000000e6800000| PB 0x00000000e6800000| Untracked 
| 105|0x00000000e6900000, 0x00000000e6900000, 0x00000000e6a00000|  0%| F|  |TAMS 0x00000000e6900000| PB 0x00000000e6900000| Untracked 
| 106|0x00000000e6a00000, 0x00000000e6a00000, 0x00000000e6b00000|  0%| F|  |TAMS 0x00000000e6a00000| PB 0x00000000e6a00000| Untracked 
| 107|0x00000000e6b00000, 0x00000000e6b00000, 0x00000000e6c00000|  0%| F|  |TAMS 0x00000000e6b00000| PB 0x00000000e6b00000| Untracked 
| 108|0x00000000e6c00000, 0x00000000e6c00000, 0x00000000e6d00000|  0%| F|  |TAMS 0x00000000e6c00000| PB 0x00000000e6c00000| Untracked 
| 109|0x00000000e6d00000, 0x00000000e6d00000, 0x00000000e6e00000|  0%| F|  |TAMS 0x00000000e6d00000| PB 0x00000000e6d00000| Untracked 
| 110|0x00000000e6e00000, 0x00000000e6e00000, 0x00000000e6f00000|  0%| F|  |TAMS 0x00000000e6e00000| PB 0x00000000e6e00000| Untracked 
| 111|0x00000000e6f00000, 0x00000000e6f00000, 0x00000000e7000000|  0%| F|  |TAMS 0x00000000e6f00000| PB 0x00000000e6f00000| Untracked 
| 112|0x00000000e7000000, 0x00000000e7000000, 0x00000000e7100000|  0%| F|  |TAMS 0x00000000e7000000| PB 0x00000000e7000000| Untracked 
| 113|0x00000000e7100000, 0x00000000e7100000, 0x00000000e7200000|  0%| F|  |TAMS 0x00000000e7100000| PB 0x00000000e7100000| Untracked 
| 114|0x00000000e7200000, 0x00000000e7200000, 0x00000000e7300000|  0%| F|  |TAMS 0x00000000e7200000| PB 0x00000000e7200000| Untracked 
| 115|0x00000000e7300000, 0x00000000e7300000, 0x00000000e7400000|  0%| F|  |TAMS 0x00000000e7300000| PB 0x00000000e7300000| Untracked 
| 116|0x00000000e7400000, 0x00000000e7400000, 0x00000000e7500000|  0%| F|  |TAMS 0x00000000e7400000| PB 0x00000000e7400000| Untracked 
| 117|0x00000000e7500000, 0x00000000e7500000, 0x00000000e7600000|  0%| F|  |TAMS 0x00000000e7500000| PB 0x00000000e7500000| Untracked 
| 118|0x00000000e7600000, 0x00000000e7600000, 0x00000000e7700000|  0%| F|  |TAMS 0x00000000e7600000| PB 0x00000000e7600000| Untracked 
| 119|0x00000000e7700000, 0x00000000e7700000, 0x00000000e7800000|  0%| F|  |TAMS 0x00000000e7700000| PB 0x00000000e7700000| Untracked 
| 120|0x00000000e7800000, 0x00000000e7800000, 0x00000000e7900000|  0%| F|  |TAMS 0x00000000e7800000| PB 0x00000000e7800000| Untracked 
| 121|0x00000000e7900000, 0x00000000e7900000, 0x00000000e7a00000|  0%| F|  |TAMS 0x00000000e7900000| PB 0x00000000e7900000| Untracked 
| 122|0x00000000e7a00000, 0x00000000e7a00000, 0x00000000e7b00000|  0%| F|  |TAMS 0x00000000e7a00000| PB 0x00000000e7a00000| Untracked 
| 123|0x00000000e7b00000, 0x00000000e7b00000, 0x00000000e7c00000|  0%| F|  |TAMS 0x00000000e7b00000| PB 0x00000000e7b00000| Untracked 
| 124|0x00000000e7c00000, 0x00000000e7c00000, 0x00000000e7d00000|  0%| F|  |TAMS 0x00000000e7c00000| PB 0x00000000e7c00000| Untracked 
| 125|0x00000000e7d00000, 0x00000000e7d00000, 0x00000000e7e00000|  0%| F|  |TAMS 0x00000000e7d00000| PB 0x00000000e7d00000| Untracked 
| 126|0x00000000e7e00000, 0x00000000e7e00000, 0x00000000e7f00000|  0%| F|  |TAMS 0x00000000e7e00000| PB 0x00000000e7e00000| Untracked 
| 127|0x00000000e7f00000, 0x00000000e7f00000, 0x00000000e8000000|  0%| F|  |TAMS 0x00000000e7f00000| PB 0x00000000e7f00000| Untracked 
| 128|0x00000000e8000000, 0x00000000e8000000, 0x00000000e8100000|  0%| F|  |TAMS 0x00000000e8000000| PB 0x00000000e8000000| Untracked 
| 129|0x00000000e8100000, 0x00000000e8100000, 0x00000000e8200000|  0%| F|  |TAMS 0x00000000e8100000| PB 0x00000000e8100000| Untracked 
| 130|0x00000000e8200000, 0x00000000e8200000, 0x00000000e8300000|  0%| F|  |TAMS 0x00000000e8200000| PB 0x00000000e8200000| Untracked 
| 131|0x00000000e8300000, 0x00000000e8300000, 0x00000000e8400000|  0%| F|  |TAMS 0x00000000e8300000| PB 0x00000000e8300000| Untracked 
| 132|0x00000000e8400000, 0x00000000e8400000, 0x00000000e8500000|  0%| F|  |TAMS 0x00000000e8400000| PB 0x00000000e8400000| Untracked 
| 133|0x00000000e8500000, 0x00000000e8500000, 0x00000000e8600000|  0%| F|  |TAMS 0x00000000e8500000| PB 0x00000000e8500000| Untracked 
| 134|0x00000000e8600000, 0x00000000e8600000, 0x00000000e8700000|  0%| F|  |TAMS 0x00000000e8600000| PB 0x00000000e8600000| Untracked 
| 135|0x00000000e8700000, 0x00000000e8700000, 0x00000000e8800000|  0%| F|  |TAMS 0x00000000e8700000| PB 0x00000000e8700000| Untracked 
| 136|0x00000000e8800000, 0x00000000e8800000, 0x00000000e8900000|  0%| F|  |TAMS 0x00000000e8800000| PB 0x00000000e8800000| Untracked 
| 137|0x00000000e8900000, 0x00000000e8900000, 0x00000000e8a00000|  0%| F|  |TAMS 0x00000000e8900000| PB 0x00000000e8900000| Untracked 
| 138|0x00000000e8a00000, 0x00000000e8a00000, 0x00000000e8b00000|  0%| F|  |TAMS 0x00000000e8a00000| PB 0x00000000e8a00000| Untracked 
| 139|0x00000000e8b00000, 0x00000000e8b65b10, 0x00000000e8c00000| 39%| S|CS|TAMS 0x00000000e8b00000| PB 0x00000000e8b00000| Complete 
| 140|0x00000000e8c00000, 0x00000000e8d00000, 0x00000000e8d00000|100%| S|CS|TAMS 0x00000000e8c00000| PB 0x00000000e8c00000| Complete 
| 141|0x00000000e8d00000, 0x00000000e8e00000, 0x00000000e8e00000|100%| S|CS|TAMS 0x00000000e8d00000| PB 0x00000000e8d00000| Complete 
| 142|0x00000000e8e00000, 0x00000000e8f00000, 0x00000000e8f00000|100%| S|CS|TAMS 0x00000000e8e00000| PB 0x00000000e8e00000| Complete 
| 143|0x00000000e8f00000, 0x00000000e9000000, 0x00000000e9000000|100%| S|CS|TAMS 0x00000000e8f00000| PB 0x00000000e8f00000| Complete 
| 144|0x00000000e9000000, 0x00000000e9100000, 0x00000000e9100000|100%| S|CS|TAMS 0x00000000e9000000| PB 0x00000000e9000000| Complete 
| 145|0x00000000e9100000, 0x00000000e9200000, 0x00000000e9200000|100%| S|CS|TAMS 0x00000000e9100000| PB 0x00000000e9100000| Complete 
| 146|0x00000000e9200000, 0x00000000e9300000, 0x00000000e9300000|100%| S|CS|TAMS 0x00000000e9200000| PB 0x00000000e9200000| Complete 
| 147|0x00000000e9300000, 0x00000000e9400000, 0x00000000e9400000|100%| S|CS|TAMS 0x00000000e9300000| PB 0x00000000e9300000| Complete 
| 148|0x00000000e9400000, 0x00000000e9500000, 0x00000000e9500000|100%| S|CS|TAMS 0x00000000e9400000| PB 0x00000000e9400000| Complete 
| 149|0x00000000e9500000, 0x00000000e9600000, 0x00000000e9600000|100%| S|CS|TAMS 0x00000000e9500000| PB 0x00000000e9500000| Complete 
| 150|0x00000000e9600000, 0x00000000e9700000, 0x00000000e9700000|100%| S|CS|TAMS 0x00000000e9600000| PB 0x00000000e9600000| Complete 
| 151|0x00000000e9700000, 0x00000000e9700000, 0x00000000e9800000|  0%| F|  |TAMS 0x00000000e9700000| PB 0x00000000e9700000| Untracked 
| 152|0x00000000e9800000, 0x00000000e9800000, 0x00000000e9900000|  0%| F|  |TAMS 0x00000000e9800000| PB 0x00000000e9800000| Untracked 
| 153|0x00000000e9900000, 0x00000000e9900000, 0x00000000e9a00000|  0%| F|  |TAMS 0x00000000e9900000| PB 0x00000000e9900000| Untracked 
| 154|0x00000000e9a00000, 0x00000000e9a00000, 0x00000000e9b00000|  0%| F|  |TAMS 0x00000000e9a00000| PB 0x00000000e9a00000| Untracked 
| 155|0x00000000e9b00000, 0x00000000e9b00000, 0x00000000e9c00000|  0%| F|  |TAMS 0x00000000e9b00000| PB 0x00000000e9b00000| Untracked 
| 156|0x00000000e9c00000, 0x00000000e9c00000, 0x00000000e9d00000|  0%| F|  |TAMS 0x00000000e9c00000| PB 0x00000000e9c00000| Untracked 
| 157|0x00000000e9d00000, 0x00000000e9d00000, 0x00000000e9e00000|  0%| F|  |TAMS 0x00000000e9d00000| PB 0x00000000e9d00000| Untracked 
| 158|0x00000000e9e00000, 0x00000000e9e00000, 0x00000000e9f00000|  0%| F|  |TAMS 0x00000000e9e00000| PB 0x00000000e9e00000| Untracked 
| 159|0x00000000e9f00000, 0x00000000ea000000, 0x00000000ea000000|100%| E|  |TAMS 0x00000000e9f00000| PB 0x00000000e9f00000| Complete 
| 160|0x00000000ea000000, 0x00000000ea100000, 0x00000000ea100000|100%| E|CS|TAMS 0x00000000ea000000| PB 0x00000000ea000000| Complete 
| 161|0x00000000ea100000, 0x00000000ea200000, 0x00000000ea200000|100%| E|CS|TAMS 0x00000000ea100000| PB 0x00000000ea100000| Complete 
| 162|0x00000000ea200000, 0x00000000ea300000, 0x00000000ea300000|100%| E|CS|TAMS 0x00000000ea200000| PB 0x00000000ea200000| Complete 
| 163|0x00000000ea300000, 0x00000000ea400000, 0x00000000ea400000|100%| E|CS|TAMS 0x00000000ea300000| PB 0x00000000ea300000| Complete 
| 164|0x00000000ea400000, 0x00000000ea500000, 0x00000000ea500000|100%| E|CS|TAMS 0x00000000ea400000| PB 0x00000000ea400000| Complete 
| 165|0x00000000ea500000, 0x00000000ea600000, 0x00000000ea600000|100%| E|CS|TAMS 0x00000000ea500000| PB 0x00000000ea500000| Complete 
| 166|0x00000000ea600000, 0x00000000ea700000, 0x00000000ea700000|100%| E|CS|TAMS 0x00000000ea600000| PB 0x00000000ea600000| Complete 
| 167|0x00000000ea700000, 0x00000000ea800000, 0x00000000ea800000|100%| E|CS|TAMS 0x00000000ea700000| PB 0x00000000ea700000| Complete 
| 168|0x00000000ea800000, 0x00000000ea900000, 0x00000000ea900000|100%| E|CS|TAMS 0x00000000ea800000| PB 0x00000000ea800000| Complete 
| 169|0x00000000ea900000, 0x00000000eaa00000, 0x00000000eaa00000|100%| E|CS|TAMS 0x00000000ea900000| PB 0x00000000ea900000| Complete 
| 170|0x00000000eaa00000, 0x00000000eab00000, 0x00000000eab00000|100%| E|CS|TAMS 0x00000000eaa00000| PB 0x00000000eaa00000| Complete 
| 171|0x00000000eab00000, 0x00000000eac00000, 0x00000000eac00000|100%| E|CS|TAMS 0x00000000eab00000| PB 0x00000000eab00000| Complete 
| 172|0x00000000eac00000, 0x00000000ead00000, 0x00000000ead00000|100%| E|CS|TAMS 0x00000000eac00000| PB 0x00000000eac00000| Complete 
| 173|0x00000000ead00000, 0x00000000eae00000, 0x00000000eae00000|100%| E|CS|TAMS 0x00000000ead00000| PB 0x00000000ead00000| Complete 
| 174|0x00000000eae00000, 0x00000000eaf00000, 0x00000000eaf00000|100%| E|CS|TAMS 0x00000000eae00000| PB 0x00000000eae00000| Complete 
| 175|0x00000000eaf00000, 0x00000000eb000000, 0x00000000eb000000|100%| E|CS|TAMS 0x00000000eaf00000| PB 0x00000000eaf00000| Complete 
| 176|0x00000000eb000000, 0x00000000eb100000, 0x00000000eb100000|100%| E|CS|TAMS 0x00000000eb000000| PB 0x00000000eb000000| Complete 
| 177|0x00000000eb100000, 0x00000000eb200000, 0x00000000eb200000|100%| E|CS|TAMS 0x00000000eb100000| PB 0x00000000eb100000| Complete 
| 178|0x00000000eb200000, 0x00000000eb300000, 0x00000000eb300000|100%| E|CS|TAMS 0x00000000eb200000| PB 0x00000000eb200000| Complete 
| 179|0x00000000eb300000, 0x00000000eb400000, 0x00000000eb400000|100%| E|CS|TAMS 0x00000000eb300000| PB 0x00000000eb300000| Complete 
| 180|0x00000000eb400000, 0x00000000eb500000, 0x00000000eb500000|100%| E|CS|TAMS 0x00000000eb400000| PB 0x00000000eb400000| Complete 
| 181|0x00000000eb500000, 0x00000000eb600000, 0x00000000eb600000|100%| E|CS|TAMS 0x00000000eb500000| PB 0x00000000eb500000| Complete 
| 182|0x00000000eb600000, 0x00000000eb700000, 0x00000000eb700000|100%| E|CS|TAMS 0x00000000eb600000| PB 0x00000000eb600000| Complete 
| 183|0x00000000eb700000, 0x00000000eb800000, 0x00000000eb800000|100%| E|CS|TAMS 0x00000000eb700000| PB 0x00000000eb700000| Complete 
| 184|0x00000000eb800000, 0x00000000eb900000, 0x00000000eb900000|100%| E|CS|TAMS 0x00000000eb800000| PB 0x00000000eb800000| Complete 
| 185|0x00000000eb900000, 0x00000000eba00000, 0x00000000eba00000|100%| E|CS|TAMS 0x00000000eb900000| PB 0x00000000eb900000| Complete 
| 186|0x00000000eba00000, 0x00000000ebb00000, 0x00000000ebb00000|100%| E|CS|TAMS 0x00000000eba00000| PB 0x00000000eba00000| Complete 
| 187|0x00000000ebb00000, 0x00000000ebc00000, 0x00000000ebc00000|100%| E|CS|TAMS 0x00000000ebb00000| PB 0x00000000ebb00000| Complete 
| 188|0x00000000ebc00000, 0x00000000ebd00000, 0x00000000ebd00000|100%| E|CS|TAMS 0x00000000ebc00000| PB 0x00000000ebc00000| Complete 
| 189|0x00000000ebd00000, 0x00000000ebe00000, 0x00000000ebe00000|100%| E|CS|TAMS 0x00000000ebd00000| PB 0x00000000ebd00000| Complete 
| 190|0x00000000ebe00000, 0x00000000ebf00000, 0x00000000ebf00000|100%| E|CS|TAMS 0x00000000ebe00000| PB 0x00000000ebe00000| Complete 
| 191|0x00000000ebf00000, 0x00000000ec000000, 0x00000000ec000000|100%| E|CS|TAMS 0x00000000ebf00000| PB 0x00000000ebf00000| Complete 
| 192|0x00000000ec000000, 0x00000000ec100000, 0x00000000ec100000|100%| E|CS|TAMS 0x00000000ec000000| PB 0x00000000ec000000| Complete 
| 193|0x00000000ec100000, 0x00000000ec200000, 0x00000000ec200000|100%| E|CS|TAMS 0x00000000ec100000| PB 0x00000000ec100000| Complete 
| 194|0x00000000ec200000, 0x00000000ec300000, 0x00000000ec300000|100%| E|CS|TAMS 0x00000000ec200000| PB 0x00000000ec200000| Complete 
| 195|0x00000000ec300000, 0x00000000ec400000, 0x00000000ec400000|100%| E|CS|TAMS 0x00000000ec300000| PB 0x00000000ec300000| Complete 
| 196|0x00000000ec400000, 0x00000000ec500000, 0x00000000ec500000|100%| E|CS|TAMS 0x00000000ec400000| PB 0x00000000ec400000| Complete 
| 197|0x00000000ec500000, 0x00000000ec600000, 0x00000000ec600000|100%| E|CS|TAMS 0x00000000ec500000| PB 0x00000000ec500000| Complete 
| 198|0x00000000ec600000, 0x00000000ec700000, 0x00000000ec700000|100%| E|CS|TAMS 0x00000000ec600000| PB 0x00000000ec600000| Complete 
| 199|0x00000000ec700000, 0x00000000ec800000, 0x00000000ec800000|100%| E|CS|TAMS 0x00000000ec700000| PB 0x00000000ec700000| Complete 
| 200|0x00000000ec800000, 0x00000000ec900000, 0x00000000ec900000|100%| E|CS|TAMS 0x00000000ec800000| PB 0x00000000ec800000| Complete 
| 201|0x00000000ec900000, 0x00000000eca00000, 0x00000000eca00000|100%| E|CS|TAMS 0x00000000ec900000| PB 0x00000000ec900000| Complete 
| 202|0x00000000eca00000, 0x00000000ecb00000, 0x00000000ecb00000|100%| E|CS|TAMS 0x00000000eca00000| PB 0x00000000eca00000| Complete 
| 203|0x00000000ecb00000, 0x00000000ecc00000, 0x00000000ecc00000|100%| E|CS|TAMS 0x00000000ecb00000| PB 0x00000000ecb00000| Complete 
| 204|0x00000000ecc00000, 0x00000000ecd00000, 0x00000000ecd00000|100%| E|CS|TAMS 0x00000000ecc00000| PB 0x00000000ecc00000| Complete 
| 205|0x00000000ecd00000, 0x00000000ece00000, 0x00000000ece00000|100%| E|CS|TAMS 0x00000000ecd00000| PB 0x00000000ecd00000| Complete 
| 206|0x00000000ece00000, 0x00000000ecf00000, 0x00000000ecf00000|100%| E|CS|TAMS 0x00000000ece00000| PB 0x00000000ece00000| Complete 
| 207|0x00000000ecf00000, 0x00000000ed000000, 0x00000000ed000000|100%| E|CS|TAMS 0x00000000ecf00000| PB 0x00000000ecf00000| Complete 
| 208|0x00000000ed000000, 0x00000000ed100000, 0x00000000ed100000|100%| E|CS|TAMS 0x00000000ed000000| PB 0x00000000ed000000| Complete 
| 209|0x00000000ed100000, 0x00000000ed200000, 0x00000000ed200000|100%| E|CS|TAMS 0x00000000ed100000| PB 0x00000000ed100000| Complete 
| 210|0x00000000ed200000, 0x00000000ed300000, 0x00000000ed300000|100%| E|CS|TAMS 0x00000000ed200000| PB 0x00000000ed200000| Complete 
| 211|0x00000000ed300000, 0x00000000ed400000, 0x00000000ed400000|100%| E|CS|TAMS 0x00000000ed300000| PB 0x00000000ed300000| Complete 
| 212|0x00000000ed400000, 0x00000000ed500000, 0x00000000ed500000|100%| E|CS|TAMS 0x00000000ed400000| PB 0x00000000ed400000| Complete 
| 213|0x00000000ed500000, 0x00000000ed600000, 0x00000000ed600000|100%| E|CS|TAMS 0x00000000ed500000| PB 0x00000000ed500000| Complete 
| 214|0x00000000ed600000, 0x00000000ed700000, 0x00000000ed700000|100%| E|CS|TAMS 0x00000000ed600000| PB 0x00000000ed600000| Complete 
| 215|0x00000000ed700000, 0x00000000ed800000, 0x00000000ed800000|100%| E|CS|TAMS 0x00000000ed700000| PB 0x00000000ed700000| Complete 
| 216|0x00000000ed800000, 0x00000000ed900000, 0x00000000ed900000|100%| E|CS|TAMS 0x00000000ed800000| PB 0x00000000ed800000| Complete 
| 217|0x00000000ed900000, 0x00000000eda00000, 0x00000000eda00000|100%| E|CS|TAMS 0x00000000ed900000| PB 0x00000000ed900000| Complete 
| 218|0x00000000eda00000, 0x00000000edb00000, 0x00000000edb00000|100%| E|CS|TAMS 0x00000000eda00000| PB 0x00000000eda00000| Complete 
| 219|0x00000000edb00000, 0x00000000edc00000, 0x00000000edc00000|100%| E|CS|TAMS 0x00000000edb00000| PB 0x00000000edb00000| Complete 
| 220|0x00000000edc00000, 0x00000000edd00000, 0x00000000edd00000|100%| E|CS|TAMS 0x00000000edc00000| PB 0x00000000edc00000| Complete 
| 221|0x00000000edd00000, 0x00000000ede00000, 0x00000000ede00000|100%| E|CS|TAMS 0x00000000edd00000| PB 0x00000000edd00000| Complete 
| 222|0x00000000ede00000, 0x00000000edf00000, 0x00000000edf00000|100%| E|CS|TAMS 0x00000000ede00000| PB 0x00000000ede00000| Complete 
| 223|0x00000000edf00000, 0x00000000ee000000, 0x00000000ee000000|100%| E|CS|TAMS 0x00000000edf00000| PB 0x00000000edf00000| Complete 
| 224|0x00000000ee000000, 0x00000000ee100000, 0x00000000ee100000|100%| E|CS|TAMS 0x00000000ee000000| PB 0x00000000ee000000| Complete 
| 225|0x00000000ee100000, 0x00000000ee200000, 0x00000000ee200000|100%| E|CS|TAMS 0x00000000ee100000| PB 0x00000000ee100000| Complete 
| 226|0x00000000ee200000, 0x00000000ee300000, 0x00000000ee300000|100%| E|CS|TAMS 0x00000000ee200000| PB 0x00000000ee200000| Complete 
| 227|0x00000000ee300000, 0x00000000ee400000, 0x00000000ee400000|100%| E|CS|TAMS 0x00000000ee300000| PB 0x00000000ee300000| Complete 
| 228|0x00000000ee400000, 0x00000000ee500000, 0x00000000ee500000|100%| E|CS|TAMS 0x00000000ee400000| PB 0x00000000ee400000| Complete 
| 229|0x00000000ee500000, 0x00000000ee600000, 0x00000000ee600000|100%| E|CS|TAMS 0x00000000ee500000| PB 0x00000000ee500000| Complete 
| 230|0x00000000ee600000, 0x00000000ee700000, 0x00000000ee700000|100%| E|CS|TAMS 0x00000000ee600000| PB 0x00000000ee600000| Complete 
| 231|0x00000000ee700000, 0x00000000ee800000, 0x00000000ee800000|100%| E|CS|TAMS 0x00000000ee700000| PB 0x00000000ee700000| Complete 
| 232|0x00000000ee800000, 0x00000000ee900000, 0x00000000ee900000|100%| E|CS|TAMS 0x00000000ee800000| PB 0x00000000ee800000| Complete 
| 233|0x00000000ee900000, 0x00000000eea00000, 0x00000000eea00000|100%| E|CS|TAMS 0x00000000ee900000| PB 0x00000000ee900000| Complete 
| 234|0x00000000eea00000, 0x00000000eeb00000, 0x00000000eeb00000|100%| E|CS|TAMS 0x00000000eea00000| PB 0x00000000eea00000| Complete 
| 235|0x00000000eeb00000, 0x00000000eec00000, 0x00000000eec00000|100%| E|CS|TAMS 0x00000000eeb00000| PB 0x00000000eeb00000| Complete 
| 236|0x00000000eec00000, 0x00000000eed00000, 0x00000000eed00000|100%| E|CS|TAMS 0x00000000eec00000| PB 0x00000000eec00000| Complete 
| 237|0x00000000eed00000, 0x00000000eee00000, 0x00000000eee00000|100%| E|CS|TAMS 0x00000000eed00000| PB 0x00000000eed00000| Complete 
| 238|0x00000000eee00000, 0x00000000eef00000, 0x00000000eef00000|100%| E|CS|TAMS 0x00000000eee00000| PB 0x00000000eee00000| Complete 
| 239|0x00000000eef00000, 0x00000000ef000000, 0x00000000ef000000|100%| E|CS|TAMS 0x00000000eef00000| PB 0x00000000eef00000| Complete 
| 240|0x00000000ef000000, 0x00000000ef100000, 0x00000000ef100000|100%| E|CS|TAMS 0x00000000ef000000| PB 0x00000000ef000000| Complete 
| 241|0x00000000ef100000, 0x00000000ef200000, 0x00000000ef200000|100%| E|CS|TAMS 0x00000000ef100000| PB 0x00000000ef100000| Complete 
| 242|0x00000000ef200000, 0x00000000ef300000, 0x00000000ef300000|100%| E|CS|TAMS 0x00000000ef200000| PB 0x00000000ef200000| Complete 
| 243|0x00000000ef300000, 0x00000000ef400000, 0x00000000ef400000|100%| E|CS|TAMS 0x00000000ef300000| PB 0x00000000ef300000| Complete 
| 244|0x00000000ef400000, 0x00000000ef500000, 0x00000000ef500000|100%| E|CS|TAMS 0x00000000ef400000| PB 0x00000000ef400000| Complete 
| 245|0x00000000ef500000, 0x00000000ef600000, 0x00000000ef600000|100%| E|CS|TAMS 0x00000000ef500000| PB 0x00000000ef500000| Complete 
| 246|0x00000000ef600000, 0x00000000ef700000, 0x00000000ef700000|100%| E|CS|TAMS 0x00000000ef600000| PB 0x00000000ef600000| Complete 
| 247|0x00000000ef700000, 0x00000000ef800000, 0x00000000ef800000|100%| E|CS|TAMS 0x00000000ef700000| PB 0x00000000ef700000| Complete 
| 248|0x00000000ef800000, 0x00000000ef900000, 0x00000000ef900000|100%| E|CS|TAMS 0x00000000ef800000| PB 0x00000000ef800000| Complete 
| 249|0x00000000ef900000, 0x00000000efa00000, 0x00000000efa00000|100%| E|CS|TAMS 0x00000000ef900000| PB 0x00000000ef900000| Complete 
| 250|0x00000000efa00000, 0x00000000efb00000, 0x00000000efb00000|100%| E|CS|TAMS 0x00000000efa00000| PB 0x00000000efa00000| Complete 
| 251|0x00000000efb00000, 0x00000000efc00000, 0x00000000efc00000|100%| E|CS|TAMS 0x00000000efb00000| PB 0x00000000efb00000| Complete 
| 252|0x00000000efc00000, 0x00000000efd00000, 0x00000000efd00000|100%| E|CS|TAMS 0x00000000efc00000| PB 0x00000000efc00000| Complete 
| 253|0x00000000efd00000, 0x00000000efe00000, 0x00000000efe00000|100%| E|CS|TAMS 0x00000000efd00000| PB 0x00000000efd00000| Complete 
| 254|0x00000000efe00000, 0x00000000eff00000, 0x00000000eff00000|100%| E|CS|TAMS 0x00000000efe00000| PB 0x00000000efe00000| Complete 
| 255|0x00000000eff00000, 0x00000000f0000000, 0x00000000f0000000|100%| E|CS|TAMS 0x00000000eff00000| PB 0x00000000eff00000| Complete 

Card table byte_map: [0x000001c621270000,0x000001c621370000] _byte_map_base: 0x000001c620b70000

Marking Bits: (CMBitMap*) 0x000001c60e71f7e0
 Bits: [0x000001c621370000, 0x000001c621b70000)

Polling page: 0x000001c60c4d0000

Metaspace:

Usage:
  Non-class:     28.00 MB used.
      Class:      4.88 MB used.
       Both:     32.89 MB used.

Virtual space:
  Non-class space:       64.00 MB reserved,      28.62 MB ( 45%) committed,  1 nodes.
      Class space:      320.00 MB reserved,       5.50 MB (  2%) committed,  1 nodes.
             Both:      384.00 MB reserved,      34.12 MB (  9%) committed. 

Chunk freelists:
   Non-Class:  2.67 MB
       Class:  10.31 MB
        Both:  12.98 MB

MaxMetaspaceSize: 384.00 MB
CompressedClassSpaceSize: 320.00 MB
Initial GC threshold: 21.00 MB
Current GC threshold: 35.12 MB
CDS: on
 - commit_granule_bytes: 65536.
 - commit_granule_words: 8192.
 - virtual_space_node_default_size: 8388608.
 - enlarge_chunks_in_place: 1.
 - use_allocation_guard: 0.


Internal statistics:

num_allocs_failed_limit: 3.
num_arena_births: 2404.
num_arena_deaths: 0.
num_vsnodes_births: 2.
num_vsnodes_deaths: 0.
num_space_committed: 546.
num_space_uncommitted: 0.
num_chunks_returned_to_freelist: 3.
num_chunks_taken_from_freelist: 4044.
num_chunk_merges: 0.
num_chunk_splits: 2625.
num_chunks_enlarged: 1595.
num_inconsistent_stats: 0.

CodeHeap 'non-profiled nmethods': size=119168Kb used=2401Kb max_used=2401Kb free=116766Kb
 bounds [0x000001c619490000, 0x000001c619700000, 0x000001c6208f0000]
CodeHeap 'profiled nmethods': size=119104Kb used=8295Kb max_used=8295Kb free=110808Kb
 bounds [0x000001c6118f0000, 0x000001c612110000, 0x000001c618d40000]
CodeHeap 'non-nmethods': size=7488Kb used=3290Kb max_used=3352Kb free=4197Kb
 bounds [0x000001c618d40000, 0x000001c619090000, 0x000001c619490000]
CodeCache: size=245760Kb, used=13986Kb, max_used=14048Kb, free=231771Kb
 total_blobs=4701, nmethods=4094, adapters=508, full_count=0
Compilation: enabled, stopped_count=0, restarted_count=0

Compilation events (20 events):
Event: 3.146 Thread 0x000001c624f04a20 nmethod 4079 0x000001c6196e2710 code [0x000001c6196e2940, 0x000001c6196e2e60]
Event: 3.147 Thread 0x000001c624f04a20 4085       4       java.lang.Class::getInterfaces (49 bytes)
Event: 3.149 Thread 0x000001c624c84000 4086       3       java.util.StringJoiner::checkAddLength (50 bytes)
Event: 3.149 Thread 0x000001c624c84000 nmethod 4086 0x000001c612108010 code [0x000001c612108200, 0x000001c612108608]
Event: 3.150 Thread 0x000001c63e5d8d30 4087       3       java.lang.Integer::highestOneBit (10 bytes)
Event: 3.150 Thread 0x000001c63e5d8d30 nmethod 4087 0x000001c612108810 code [0x000001c6121089c0, 0x000001c612108ae8]
Event: 3.155 Thread 0x000001c624b81200 4092       3       jdk.internal.perf.PerfCounter::getParentDelegationTime (4 bytes)
Event: 3.155 Thread 0x000001c63e5d8d30 4094       3       jdk.internal.perf.PerfCounter::getFindClassTime (4 bytes)
Event: 3.155 Thread 0x000001c624c84ac0 4093       3       jdk.internal.perf.PerfCounter::addTime (6 bytes)
Event: 3.155 Thread 0x000001c624b81200 nmethod 4092 0x000001c612108b90 code [0x000001c612108d20, 0x000001c612108e18]
Event: 3.155 Thread 0x000001c63e5d8d30 nmethod 4094 0x000001c612108e90 code [0x000001c612109020, 0x000001c612109118]
Event: 3.155 Thread 0x000001c624c84ac0 nmethod 4093 0x000001c612109190 code [0x000001c612109340, 0x000001c612109480]
Event: 3.156 Thread 0x000001c624c84000 4095       3       jdk.internal.perf.PerfCounter::getFindClasses (4 bytes)
Event: 3.156 Thread 0x000001c624c84000 nmethod 4095 0x000001c612109510 code [0x000001c6121096a0, 0x000001c612109798]
Event: 3.156 Thread 0x000001c624b80760 nmethod 4084 0x000001c6196e3290 code [0x000001c6196e34a0, 0x000001c6196e3dc8]
Event: 3.156 Thread 0x000001c624b80760 4089   !   4       java.net.URLClassLoader::findClass (47 bytes)
Event: 3.156 Thread 0x000001c624f04a20 nmethod 4085 0x000001c6196e4390 code [0x000001c6196e4580, 0x000001c6196e4c50]
Event: 3.156 Thread 0x000001c624f04a20 4090       4       java.net.URLClassLoader$1::run (5 bytes)
Event: 3.159 Thread 0x000001c63e5d8d30 4096       3       java.lang.ClassLoader::getClassLoadingLock (35 bytes)
Event: 3.159 Thread 0x000001c63e5d8d30 nmethod 4096 0x000001c612109810 code [0x000001c6121099e0, 0x000001c612109cc0]

GC Heap History (6 events):
Event: 0.455 GC heap before
{Heap before GC invocations=0 (full 0):
 garbage-first heap   total 262144K, used 26624K [0x00000000e0000000, 0x0000000100000000)
  region size 1024K, 23 young (23552K), 0 survivors (0K)
 Metaspace       used 3052K, committed 3200K, reserved 393216K
  class space    used 364K, committed 448K, reserved 327680K
}
Event: 0.458 GC heap after
{Heap after GC invocations=1 (full 0):
 garbage-first heap   total 262144K, used 10847K [0x00000000e0000000, 0x0000000100000000)
  region size 1024K, 3 young (3072K), 3 survivors (3072K)
 Metaspace       used 3052K, committed 3200K, reserved 393216K
  class space    used 364K, committed 448K, reserved 327680K
}
Event: 0.707 GC heap before
{Heap before GC invocations=1 (full 0):
 garbage-first heap   total 262144K, used 41567K [0x00000000e0000000, 0x0000000100000000)
  region size 1024K, 31 young (31744K), 3 survivors (3072K)
 Metaspace       used 4732K, committed 4928K, reserved 393216K
  class space    used 593K, committed 704K, reserved 327680K
}
Event: 0.710 GC heap after
{Heap after GC invocations=2 (full 0):
 garbage-first heap   total 262144K, used 15448K [0x00000000e0000000, 0x0000000100000000)
  region size 1024K, 4 young (4096K), 4 survivors (4096K)
 Metaspace       used 4732K, committed 4928K, reserved 393216K
  class space    used 593K, committed 704K, reserved 327680K
}
Event: 1.980 GC heap before
{Heap before GC invocations=2 (full 0):
 garbage-first heap   total 262144K, used 119896K [0x00000000e0000000, 0x0000000100000000)
  region size 1024K, 105 young (107520K), 4 survivors (4096K)
 Metaspace       used 20813K, committed 21504K, reserved 393216K
  class space    used 2854K, committed 3200K, reserved 327680K
}
Event: 1.986 GC heap after
{Heap after GC invocations=3 (full 0):
 garbage-first heap   total 262144K, used 23566K [0x00000000e0000000, 0x0000000100000000)
  region size 1024K, 12 young (12288K), 12 survivors (12288K)
 Metaspace       used 20813K, committed 21504K, reserved 393216K
  class space    used 2854K, committed 3200K, reserved 327680K
}

Dll operation events (14 events):
Event: 0.006 Loaded shared library C:\Users\Admin\.antigravity\extensions\redhat.java-1.54.0-win32-x64\jre\21.0.10-win32-x86_64\bin\java.dll
Event: 0.049 Loaded shared library C:\Users\Admin\.antigravity\extensions\redhat.java-1.54.0-win32-x64\jre\21.0.10-win32-x86_64\bin\zip.dll
Event: 0.063 Loaded shared library C:\Users\Admin\.antigravity\extensions\redhat.java-1.54.0-win32-x64\jre\21.0.10-win32-x86_64\bin\instrument.dll
Event: 0.066 Loaded shared library C:\Users\Admin\.antigravity\extensions\redhat.java-1.54.0-win32-x64\jre\21.0.10-win32-x86_64\bin\net.dll
Event: 0.068 Loaded shared library C:\Users\Admin\.antigravity\extensions\redhat.java-1.54.0-win32-x64\jre\21.0.10-win32-x86_64\bin\nio.dll
Event: 0.070 Loaded shared library C:\Users\Admin\.antigravity\extensions\redhat.java-1.54.0-win32-x64\jre\21.0.10-win32-x86_64\bin\zip.dll
Event: 0.182 Loaded shared library C:\Users\Admin\.antigravity\extensions\redhat.java-1.54.0-win32-x64\jre\21.0.10-win32-x86_64\bin\jimage.dll
Event: 0.342 Loaded shared library C:\Users\Admin\.antigravity\extensions\redhat.java-1.54.0-win32-x64\jre\21.0.10-win32-x86_64\bin\verify.dll
Event: 0.372 Loaded shared library C:\Users\Admin\.gradle\native\660c5614fbf4a5f2a75b1949f50a0caf5cd603558e7d8a26e50b933a0cfb79d1\windows-amd64\native-platform.dll
Event: 0.386 Loaded shared library C:\Users\Admin\.gradle\native\0.2.8\x86_64-windows-gnu\gradle-fileevents.dll
Event: 0.936 Loaded shared library C:\Users\Admin\.antigravity\extensions\redhat.java-1.54.0-win32-x64\jre\21.0.10-win32-x86_64\bin\management.dll
Event: 0.939 Loaded shared library C:\Users\Admin\.antigravity\extensions\redhat.java-1.54.0-win32-x64\jre\21.0.10-win32-x86_64\bin\management_ext.dll
Event: 1.048 Loaded shared library C:\Users\Admin\.antigravity\extensions\redhat.java-1.54.0-win32-x64\jre\21.0.10-win32-x86_64\bin\extnet.dll
Event: 1.207 Loaded shared library C:\Users\Admin\.antigravity\extensions\redhat.java-1.54.0-win32-x64\jre\21.0.10-win32-x86_64\bin\sunmscapi.dll

Deoptimization events (20 events):
Event: 3.134 Thread 0x000001c63ffac840 Uncommon trap: trap_request=0xffffffde fr.pc=0x000001c6194f1608 relative=0x00000000000010a8
Event: 3.134 Thread 0x000001c63ffac840 Uncommon trap: reason=class_check action=maybe_recompile pc=0x000001c6194f1608 method=jdk.internal.loader.URLClassPath.getLoader(I)Ljdk/internal/loader/URLClassPath$Loader; @ 88 c2
Event: 3.134 Thread 0x000001c63ffac840 DEOPT PACKING pc=0x000001c6194f1608 sp=0x000000608fcfa390
Event: 3.134 Thread 0x000001c63ffac840 DEOPT UNPACKING pc=0x000001c618d97ba2 sp=0x000000608fcfa370 mode 2
Event: 3.134 Thread 0x000001c63ffac840 Uncommon trap: trap_request=0xffffffde fr.pc=0x000001c61962c7e0 relative=0x00000000000041a0
Event: 3.134 Thread 0x000001c63ffac840 Uncommon trap: reason=class_check action=maybe_recompile pc=0x000001c61962c7e0 method=jdk.internal.loader.URLClassPath.getResource(Ljava/lang/String;Z)Ljdk/internal/loader/Resource; @ 53 c2
Event: 3.134 Thread 0x000001c63ffac840 DEOPT PACKING pc=0x000001c61962c7e0 sp=0x000000608fcfa440
Event: 3.134 Thread 0x000001c63ffac840 DEOPT UNPACKING pc=0x000001c618d97ba2 sp=0x000000608fcfa270 mode 2
Event: 3.137 Thread 0x000001c63ffac840 Uncommon trap: trap_request=0xffffff45 fr.pc=0x000001c6195a9c98 relative=0x00000000000000f8
Event: 3.137 Thread 0x000001c63ffac840 Uncommon trap: reason=unstable_if action=reinterpret pc=0x000001c6195a9c98 method=java.lang.ClassLoader.getClassLoadingLock(Ljava/lang/String;)Ljava/lang/Object; @ 6 c2
Event: 3.137 Thread 0x000001c63ffac840 DEOPT PACKING pc=0x000001c6195a9c98 sp=0x000000608fcf89e0
Event: 3.137 Thread 0x000001c63ffac840 DEOPT UNPACKING pc=0x000001c618d97ba2 sp=0x000000608fcf8970 mode 2
Event: 3.138 Thread 0x000001c63ffac840 Uncommon trap: trap_request=0xffffff45 fr.pc=0x000001c6195f47a4 relative=0x0000000000000964
Event: 3.138 Thread 0x000001c63ffac840 Uncommon trap: reason=unstable_if action=reinterpret pc=0x000001c6195f47a4 method=java.lang.Class.getPackageName()Ljava/lang/String; @ 55 c2
Event: 3.138 Thread 0x000001c63ffac840 DEOPT PACKING pc=0x000001c6195f47a4 sp=0x000000608fcfa020
Event: 3.138 Thread 0x000001c63ffac840 DEOPT UNPACKING pc=0x000001c618d97ba2 sp=0x000000608fcf9ff0 mode 2
Event: 3.138 Thread 0x000001c63ffac840 Uncommon trap: trap_request=0xffffffde fr.pc=0x000001c6194f1910 relative=0x00000000000013b0
Event: 3.138 Thread 0x000001c63ffac840 Uncommon trap: reason=class_check action=maybe_recompile pc=0x000001c6194f1910 method=jdk.internal.loader.URLClassPath.getLoader(I)Ljdk/internal/loader/URLClassPath$Loader; @ 190 c2
Event: 3.138 Thread 0x000001c63ffac840 DEOPT PACKING pc=0x000001c6194f1910 sp=0x000000608fcf54d0
Event: 3.138 Thread 0x000001c63ffac840 DEOPT UNPACKING pc=0x000001c618d97ba2 sp=0x000000608fcf54c0 mode 2

Classes loaded (20 events):
Event: 2.949 Loading class java/util/stream/IntPipeline$Head
Event: 2.949 Loading class java/util/stream/IntPipeline
Event: 2.950 Loading class java/util/stream/IntPipeline done
Event: 2.950 Loading class java/util/stream/IntPipeline$Head done
Event: 2.968 Loading class java/security/CodeSigner
Event: 2.968 Loading class java/security/CodeSigner done
Event: 2.978 Loading class sun/nio/fs/WindowsException
Event: 2.978 Loading class sun/nio/fs/WindowsException done
Event: 2.978 Loading class java/nio/file/FileAlreadyExistsException
Event: 2.978 Loading class java/nio/file/FileAlreadyExistsException done
Event: 3.063 Loading class sun/nio/ch/ChannelInputStream
Event: 3.063 Loading class sun/nio/ch/ChannelInputStream done
Event: 3.133 Loading class jdk/internal/loader/URLClassPath$FileLoader
Event: 3.133 Loading class jdk/internal/loader/URLClassPath$FileLoader done
Event: 3.135 Loading class jdk/internal/loader/URLClassPath$FileLoader$1
Event: 3.135 Loading class jdk/internal/loader/URLClassPath$FileLoader$1 done
Event: 3.146 Loading class java/beans/Transient
Event: 3.147 Loading class java/beans/Transient done
Event: 3.162 Loading class java/util/EventListener
Event: 3.162 Loading class java/util/EventListener done

Classes unloaded (0 events):
No events

Classes redefined (0 events):
No events

Internal exceptions (20 events):
Event: 2.980 Thread 0x000001c6416470b0 Exception <a 'sun/nio/fs/WindowsException'{0x00000000ea488610}> (0x00000000ea488610) 
thrown [s\src\hotspot\share\prims\jni.cpp, line 520]
Event: 3.060 Thread 0x000001c641646390 Exception <a 'sun/nio/fs/WindowsException'{0x00000000ea2aba28}> (0x00000000ea2aba28) 
thrown [s\src\hotspot\share\prims\jni.cpp, line 520]
Event: 3.061 Thread 0x000001c641646390 Exception <a 'sun/nio/fs/WindowsException'{0x00000000ea2ac108}> (0x00000000ea2ac108) 
thrown [s\src\hotspot\share\prims\jni.cpp, line 520]
Event: 3.078 Thread 0x000001c641646390 Exception <a 'sun/nio/fs/WindowsException'{0x00000000ea13d7d0}> (0x00000000ea13d7d0) 
thrown [s\src\hotspot\share\prims\jni.cpp, line 520]
Event: 3.081 Thread 0x000001c641646390 Exception <a 'sun/nio/fs/WindowsException'{0x00000000ea14e7f0}> (0x00000000ea14e7f0) 
thrown [s\src\hotspot\share\prims\jni.cpp, line 520]
Event: 3.086 Thread 0x000001c641646390 Exception <a 'sun/nio/fs/WindowsException'{0x00000000ea15eb78}> (0x00000000ea15eb78) 
thrown [s\src\hotspot\share\prims\jni.cpp, line 520]
Event: 3.089 Thread 0x000001c641646390 Exception <a 'sun/nio/fs/WindowsException'{0x00000000ea16e2b0}> (0x00000000ea16e2b0) 
thrown [s\src\hotspot\share\prims\jni.cpp, line 520]
Event: 3.092 Thread 0x000001c641646390 Exception <a 'sun/nio/fs/WindowsException'{0x00000000ea17e248}> (0x00000000ea17e248) 
thrown [s\src\hotspot\share\prims\jni.cpp, line 520]
Event: 3.095 Thread 0x000001c641646390 Exception <a 'sun/nio/fs/WindowsException'{0x00000000ea191f28}> (0x00000000ea191f28) 
thrown [s\src\hotspot\share\prims\jni.cpp, line 520]
Event: 3.099 Thread 0x000001c641646390 Exception <a 'sun/nio/fs/WindowsException'{0x00000000ea1a5d70}> (0x00000000ea1a5d70) 
thrown [s\src\hotspot\share\prims\jni.cpp, line 520]
Event: 3.102 Thread 0x000001c641646390 Exception <a 'sun/nio/fs/WindowsException'{0x00000000ea1b54a8}> (0x00000000ea1b54a8) 
thrown [s\src\hotspot\share\prims\jni.cpp, line 520]
Event: 3.105 Thread 0x000001c641646390 Exception <a 'sun/nio/fs/WindowsException'{0x00000000ea1cb8e8}> (0x00000000ea1cb8e8) 
thrown [s\src\hotspot\share\prims\jni.cpp, line 520]
Event: 3.108 Thread 0x000001c641646390 Exception <a 'sun/nio/fs/WindowsException'{0x00000000ea1dfc60}> (0x00000000ea1dfc60) 
thrown [s\src\hotspot\share\prims\jni.cpp, line 520]
Event: 3.112 Thread 0x000001c641646390 Exception <a 'sun/nio/fs/WindowsException'{0x00000000ea1f9310}> (0x00000000ea1f9310) 
thrown [s\src\hotspot\share\prims\jni.cpp, line 520]
Event: 3.115 Thread 0x000001c641646390 Exception <a 'sun/nio/fs/WindowsException'{0x00000000ea008c90}> (0x00000000ea008c90) 
thrown [s\src\hotspot\share\prims\jni.cpp, line 520]
Event: 3.118 Thread 0x000001c641646390 Exception <a 'sun/nio/fs/WindowsException'{0x00000000ea017358}> (0x00000000ea017358) 
thrown [s\src\hotspot\share\prims\jni.cpp, line 520]
Event: 3.120 Thread 0x000001c641646390 Exception <a 'sun/nio/fs/WindowsException'{0x00000000ea024ff8}> (0x00000000ea024ff8) 
thrown [s\src\hotspot\share\prims\jni.cpp, line 520]
Event: 3.122 Thread 0x000001c641646390 Exception <a 'sun/nio/fs/WindowsException'{0x00000000ea02dec8}> (0x00000000ea02dec8) 
thrown [s\src\hotspot\share\prims\jni.cpp, line 520]
Event: 3.131 Thread 0x000001c63ffac840 Exception <a 'java/lang/NoSuchMethodError'{0x00000000ea05ad40}: 'void java.lang.invoke.DirectMethodHandle$Holder.invokeInterface(java.lang.Object, java.lang.Object, java.lang.Object, java.lang.Object, java.lang.Object, java.lang.Object, java.lang.Object)'> (0x00000000ea05ad40) 
thrown [s\src\hotspot\share\interpreter\linkResolver.cpp, line 773]
Event: 3.131 Thread 0x000001c63ffac840 Exception <a 'java/lang/NoSuchMethodError'{0x00000000ea05f658}: 'void java.lang.invoke.DelegatingMethodHandle$Holder.reinvoke_L(java.lang.Object, java.lang.Object, java.lang.Object, java.lang.Object, java.lang.Object, java.lang.Object, java.lang.Object)'> (0x00000000ea05f658) 
thrown [s\src\hotspot\share\interpreter\linkResolver.cpp, line 773]

ZGC Phase Switch (0 events):
No events

VM Operations (20 events):
Event: 2.419 Executing non-safepoint VM operation: HandshakeAllThreads (Deoptimize)
Event: 2.419 Executing non-safepoint VM operation: HandshakeAllThreads (Deoptimize) done
Event: 2.438 Executing safepoint VM operation: ICBufferFull
Event: 2.438 Executing safepoint VM operation: ICBufferFull done
Event: 2.564 Executing non-safepoint VM operation: HandshakeAllThreads (Deoptimize)
Event: 2.564 Executing non-safepoint VM operation: HandshakeAllThreads (Deoptimize) done
Event: 2.640 Executing non-safepoint VM operation: HandshakeAllThreads (Deoptimize)
Event: 2.640 Executing non-safepoint VM operation: HandshakeAllThreads (Deoptimize) done
Event: 2.882 Executing non-safepoint VM operation: HandshakeAllThreads (Deoptimize)
Event: 2.882 Executing non-safepoint VM operation: HandshakeAllThreads (Deoptimize) done
Event: 2.896 Executing non-safepoint VM operation: HandshakeAllThreads (Deoptimize)
Event: 2.896 Executing non-safepoint VM operation: HandshakeAllThreads (Deoptimize) done
Event: 2.897 Executing non-safepoint VM operation: HandshakeAllThreads (Deoptimize)
Event: 2.897 Executing non-safepoint VM operation: HandshakeAllThreads (Deoptimize) done
Event: 2.979 Executing non-safepoint VM operation: HandshakeAllThreads (Deoptimize)
Event: 2.979 Executing non-safepoint VM operation: HandshakeAllThreads (Deoptimize) done
Event: 3.136 Executing non-safepoint VM operation: HandshakeAllThreads (Deoptimize)
Event: 3.136 Executing non-safepoint VM operation: HandshakeAllThreads (Deoptimize) done
Event: 3.136 Executing non-safepoint VM operation: HandshakeAllThreads (Deoptimize)
Event: 3.136 Executing non-safepoint VM operation: HandshakeAllThreads (Deoptimize) done

Memory protections (0 events):
No events

Nmethod flushes (0 events):
No events

Events (20 events):
Event: 1.230 Thread 0x000001c63f0c6b20 Thread added: 0x000001c63f0aff30
Event: 1.251 Thread 0x000001c63f0c6b20 Thread added: 0x000001c63f0c98c0
Event: 1.256 Thread 0x000001c63f0c6b20 Thread added: 0x000001c63ffac840
Event: 1.264 Thread 0x000001c63ffac840 Thread added: 0x000001c63ffad560
Event: 1.268 Thread 0x000001c63ffac840 Thread added: 0x000001c63ffaced0
Event: 1.273 Thread 0x000001c63ffac840 Thread added: 0x000001c63ffab490
Event: 1.549 Thread 0x000001c63ffac840 Thread added: 0x000001c63ffaa0e0
Event: 1.554 Thread 0x000001c63ffac840 Thread added: 0x000001c63ffabb20
Event: 1.597 Thread 0x000001c63ffac840 Thread added: 0x000001c63ffaa770
Event: 2.313 Thread 0x000001c63ffac840 Thread added: 0x000001c641645670
Event: 2.321 Thread 0x000001c63ffac840 Thread added: 0x000001c641642880
Event: 2.452 Thread 0x000001c63ffac840 Thread added: 0x000001c641644fe0
Event: 2.455 Thread 0x000001c63ffac840 Thread added: 0x000001c6416442c0
Event: 2.479 Thread 0x000001c63e2fb8c0 Thread exited: 0x000001c63e2fb8c0
Event: 2.539 Thread 0x000001c63ffac840 Thread added: 0x000001c641644950
Event: 2.590 Thread 0x000001c63ffac840 Thread added: 0x000001c6416421f0
Event: 2.773 Thread 0x000001c63ffac840 Thread added: 0x000001c641645d00
Event: 2.810 Thread 0x000001c63ffac840 Thread added: 0x000001c6416435a0
Event: 2.965 Thread 0x000001c63ffac840 Thread added: 0x000001c6416470b0
Event: 3.049 Thread 0x000001c63ffac840 Thread added: 0x000001c641646390


Dynamic libraries:
0x00007ff76c400000 - 0x00007ff76c40e000 	C:\Users\Admin\.antigravity\extensions\redhat.java-1.54.0-win32-x64\jre\21.0.10-win32-x86_64\bin\java.exe
0x00007ffaf5820000 - 0x00007ffaf5a87000 	C:\WINDOWS\SYSTEM32\ntdll.dll
0x00007ffaf42c0000 - 0x00007ffaf4389000 	C:\WINDOWS\System32\KERNEL32.DLL
0x00007ffaf2550000 - 0x00007ffaf2944000 	C:\WINDOWS\System32\KERNELBASE.dll
0x00007ffaf2a10000 - 0x00007ffaf2b5b000 	C:\WINDOWS\System32\ucrtbase.dll
0x00007ffad1a90000 - 0x00007ffad1aa8000 	C:\Users\Admin\.antigravity\extensions\redhat.java-1.54.0-win32-x64\jre\21.0.10-win32-x86_64\bin\jli.dll
0x00007ffad4260000 - 0x00007ffad427e000 	C:\Users\Admin\.antigravity\extensions\redhat.java-1.54.0-win32-x64\jre\21.0.10-win32-x86_64\bin\VCRUNTIME140.dll
0x00007ffaf4f60000 - 0x00007ffaf5125000 	C:\WINDOWS\System32\USER32.dll
0x00007ffadd470000 - 0x00007ffadd703000 	C:\WINDOWS\WinSxS\amd64_microsoft.windows.common-controls_6595b64144ccf1df_6.0.26100.8115_none_3e075c82e3354f9c\COMCTL32.dll
0x00007ffaf2270000 - 0x00007ffaf2297000 	C:\WINDOWS\System32\win32u.dll
0x00007ffaf3720000 - 0x00007ffaf374b000 	C:\WINDOWS\System32\GDI32.dll
0x00007ffaf3670000 - 0x00007ffaf3719000 	C:\WINDOWS\System32\msvcrt.dll
0x00007ffaf3480000 - 0x00007ffaf35ab000 	C:\WINDOWS\System32\gdi32full.dll
0x00007ffaf22a0000 - 0x00007ffaf2343000 	C:\WINDOWS\System32\msvcp_win.dll
0x00007ffaf5140000 - 0x00007ffaf5172000 	C:\WINDOWS\System32\IMM32.DLL
0x00007ffae0b80000 - 0x00007ffae0b8c000 	C:\Users\Admin\.antigravity\extensions\redhat.java-1.54.0-win32-x64\jre\21.0.10-win32-x86_64\bin\vcruntime140_1.dll
0x00007ffab36c0000 - 0x00007ffab374d000 	C:\Users\Admin\.antigravity\extensions\redhat.java-1.54.0-win32-x64\jre\21.0.10-win32-x86_64\bin\msvcp140.dll
0x00007ffa39310000 - 0x00007ffa3a0b1000 	C:\Users\Admin\.antigravity\extensions\redhat.java-1.54.0-win32-x64\jre\21.0.10-win32-x86_64\bin\server\jvm.dll
0x00007ffaf35b0000 - 0x00007ffaf3666000 	C:\WINDOWS\System32\ADVAPI32.dll
0x00007ffaf5180000 - 0x00007ffaf5227000 	C:\WINDOWS\System32\sechost.dll
0x00007ffaf3ed0000 - 0x00007ffaf3fe8000 	C:\WINDOWS\System32\RPCRT4.dll
0x00007ffaf3dd0000 - 0x00007ffaf3e50000 	C:\WINDOWS\System32\WS2_32.dll
0x00007ffaf1f50000 - 0x00007ffaf1fae000 	C:\WINDOWS\SYSTEM32\POWRPROF.dll
0x00007ffae80d0000 - 0x00007ffae80db000 	C:\WINDOWS\SYSTEM32\VERSION.dll
0x00007ffae8870000 - 0x00007ffae88a6000 	C:\WINDOWS\SYSTEM32\WINMM.dll
0x00007ffaf1f30000 - 0x00007ffaf1f44000 	C:\WINDOWS\SYSTEM32\UMPDC.dll
0x00007ffaf0e80000 - 0x00007ffaf0e9b000 	C:\WINDOWS\SYSTEM32\kernel.appcore.dll
0x00007ffad53d0000 - 0x00007ffad53da000 	C:\Users\Admin\.antigravity\extensions\redhat.java-1.54.0-win32-x64\jre\21.0.10-win32-x86_64\bin\jimage.dll
0x00007ffaf00c0000 - 0x00007ffaf0302000 	C:\WINDOWS\SYSTEM32\DBGHELP.DLL
0x00007ffaf52c0000 - 0x00007ffaf5642000 	C:\WINDOWS\System32\combase.dll
0x00007ffaf40a0000 - 0x00007ffaf4178000 	C:\WINDOWS\System32\OLEAUT32.dll
0x00007ffadd910000 - 0x00007ffadd94b000 	C:\WINDOWS\SYSTEM32\dbgcore.DLL
0x00007ffaf33d0000 - 0x00007ffaf3475000 	C:\WINDOWS\System32\bcryptPrimitives.dll
0x00007ffad5060000 - 0x00007ffad506f000 	C:\Users\Admin\.antigravity\extensions\redhat.java-1.54.0-win32-x64\jre\21.0.10-win32-x86_64\bin\instrument.dll
0x00007ffad1800000 - 0x00007ffad1820000 	C:\Users\Admin\.antigravity\extensions\redhat.java-1.54.0-win32-x64\jre\21.0.10-win32-x86_64\bin\java.dll
0x00007ffaf47e0000 - 0x00007ffaf4f47000 	C:\WINDOWS\System32\SHELL32.dll
0x00007ffaf2350000 - 0x00007ffaf24ba000 	C:\WINDOWS\System32\wintypes.dll
0x00007ffaf2b60000 - 0x00007ffaf33c8000 	C:\WINDOWS\System32\windows.storage.dll
0x00007ffaf45d0000 - 0x00007ffaf46c8000 	C:\WINDOWS\System32\SHCORE.dll
0x00007ffaf3e60000 - 0x00007ffaf3ec6000 	C:\WINDOWS\System32\shlwapi.dll
0x00007ffaf2010000 - 0x00007ffaf2039000 	C:\WINDOWS\SYSTEM32\profapi.dll
0x00007ffad0650000 - 0x00007ffad0668000 	C:\Users\Admin\.antigravity\extensions\redhat.java-1.54.0-win32-x64\jre\21.0.10-win32-x86_64\bin\zip.dll
0x00007ffad1ed0000 - 0x00007ffad1ee0000 	C:\Users\Admin\.antigravity\extensions\redhat.java-1.54.0-win32-x64\jre\21.0.10-win32-x86_64\bin\net.dll
0x00007ffae7980000 - 0x00007ffae7aad000 	C:\WINDOWS\SYSTEM32\WINHTTP.dll
0x00007ffaf13f0000 - 0x00007ffaf145c000 	C:\WINDOWS\system32\mswsock.dll
0x00007ffad1030000 - 0x00007ffad1046000 	C:\Users\Admin\.antigravity\extensions\redhat.java-1.54.0-win32-x64\jre\21.0.10-win32-x86_64\bin\nio.dll
0x00007ffad1af0000 - 0x00007ffad1b00000 	C:\Users\Admin\.antigravity\extensions\redhat.java-1.54.0-win32-x64\jre\21.0.10-win32-x86_64\bin\verify.dll
0x00007ffad1710000 - 0x00007ffad1737000 	C:\Users\Admin\.gradle\native\660c5614fbf4a5f2a75b1949f50a0caf5cd603558e7d8a26e50b933a0cfb79d1\windows-amd64\native-platform.dll
0x00007ffad10f0000 - 0x00007ffad1167000 	C:\Users\Admin\.gradle\native\0.2.8\x86_64-windows-gnu\gradle-fileevents.dll
0x00007ffad0ee0000 - 0x00007ffad0eea000 	C:\Users\Admin\.antigravity\extensions\redhat.java-1.54.0-win32-x64\jre\21.0.10-win32-x86_64\bin\management.dll
0x00007ffad0dd0000 - 0x00007ffad0ddc000 	C:\Users\Admin\.antigravity\extensions\redhat.java-1.54.0-win32-x64\jre\21.0.10-win32-x86_64\bin\management_ext.dll
0x00007ffaf46d0000 - 0x00007ffaf46d8000 	C:\WINDOWS\System32\PSAPI.DLL
0x00007ffaf08f0000 - 0x00007ffaf0922000 	C:\WINDOWS\SYSTEM32\IPHLPAPI.DLL
0x00007ffaf4f50000 - 0x00007ffaf4f5a000 	C:\WINDOWS\System32\NSI.dll
0x00007ffad0fe0000 - 0x00007ffad0fe9000 	C:\Users\Admin\.antigravity\extensions\redhat.java-1.54.0-win32-x64\jre\21.0.10-win32-x86_64\bin\extnet.dll
0x00007ffaf16e0000 - 0x00007ffaf16fb000 	C:\WINDOWS\SYSTEM32\CRYPTSP.dll
0x00007ffaf0de0000 - 0x00007ffaf0e19000 	C:\WINDOWS\system32\rsaenh.dll
0x00007ffaf14a0000 - 0x00007ffaf14d3000 	C:\WINDOWS\SYSTEM32\USERENV.dll
0x00007ffaf1fe0000 - 0x00007ffaf200a000 	C:\WINDOWS\SYSTEM32\bcrypt.dll
0x00007ffaf16d0000 - 0x00007ffaf16dc000 	C:\WINDOWS\SYSTEM32\CRYPTBASE.dll
0x00007ffad1170000 - 0x00007ffad117e000 	C:\Users\Admin\.antigravity\extensions\redhat.java-1.54.0-win32-x64\jre\21.0.10-win32-x86_64\bin\sunmscapi.dll
0x00007ffaf20f0000 - 0x00007ffaf2267000 	C:\WINDOWS\System32\CRYPT32.dll
0x00007ffaf18f0000 - 0x00007ffaf1920000 	C:\WINDOWS\SYSTEM32\ncrypt.dll
0x00007ffaf18a0000 - 0x00007ffaf18df000 	C:\WINDOWS\SYSTEM32\NTASN1.dll
0x00007ffaafd20000 - 0x00007ffaafd28000 	C:\WINDOWS\system32\wshunix.dll

JVMTI agents:
C:\Users\Admin\.gradle\wrapper\dists\gradle-9.4.1-bin\arn2x92ynaizyzdaamcbpbhtj\gradle-9.4.1\lib\agents\gradle-instrumentation-agent-9.4.1.jar path:C:\Users\Admin\.antigravity\extensions\redhat.java-1.54.0-win32-x64\jre\21.0.10-win32-x86_64\bin\instrument.dll, loaded, initialized, instrumentlib options:none

dbghelp: loaded successfully - version: 4.0.5 - missing functions: none
symbol engine: initialized successfully - sym options: 0x614 - pdb path: .;C:\Users\Admin\.antigravity\extensions\redhat.java-1.54.0-win32-x64\jre\21.0.10-win32-x86_64\bin;C:\WINDOWS\SYSTEM32;C:\WINDOWS\WinSxS\amd64_microsoft.windows.common-controls_6595b64144ccf1df_6.0.26100.8115_none_3e075c82e3354f9c;C:\Users\Admin\.antigravity\extensions\redhat.java-1.54.0-win32-x64\jre\21.0.10-win32-x86_64\bin\server;C:\Users\Admin\.gradle\native\660c5614fbf4a5f2a75b1949f50a0caf5cd603558e7d8a26e50b933a0cfb79d1\windows-amd64;C:\Users\Admin\.gradle\native\0.2.8\x86_64-windows-gnu

VM Arguments:
jvm_args: --add-opens=java.base/java.lang=ALL-UNNAMED --add-opens=java.base/java.lang.invoke=ALL-UNNAMED --add-opens=java.base/java.util=ALL-UNNAMED --add-opens=java.prefs/java.util.prefs=ALL-UNNAMED --add-exports=jdk.compiler/com.sun.tools.javac.api=ALL-UNNAMED --add-exports=jdk.compiler/com.sun.tools.javac.util=ALL-UNNAMED --add-opens=java.base/java.util=ALL-UNNAMED --add-opens=java.prefs/java.util.prefs=ALL-UNNAMED --add-opens=java.base/java.nio.charset=ALL-UNNAMED --add-opens=java.base/java.net=ALL-UNNAMED --add-opens=java.base/java.util.concurrent=ALL-UNNAMED --add-opens=java.base/java.util.concurrent.atomic=ALL-UNNAMED --add-opens=java.xml/javax.xml.namespace=ALL-UNNAMED --add-opens=java.base/java.time=ALL-UNNAMED -XX:MaxMetaspaceSize=384m -XX:+HeapDumpOnOutOfMemoryError -Xms256m -Xmx512m -Dfile.encoding=UTF-8 -Duser.country=US -Duser.language=en -Duser.variant -javaagent:C:\Users\Admin\.gradle\wrapper\dists\gradle-9.4.1-bin\arn2x92ynaizyzdaamcbpbhtj\gradle-9.4.1\lib\agents\gradle-instrumentation-agent-9.4.1.jar 
java_command: org.gradle.launcher.daemon.bootstrap.GradleDaemon 9.4.1
java_class_path (initial): C:\Users\Admin\.gradle\wrapper\dists\gradle-9.4.1-bin\arn2x92ynaizyzdaamcbpbhtj\gradle-9.4.1\lib\gradle-daemon-main-9.4.1.jar
Launcher Type: SUN_STANDARD

[Global flags]
     intx CICompilerCount                          = 12                                        {product} {ergonomic}
   size_t CompressedClassSpaceSize                 = 335544320                                 {product} {ergonomic}
     uint ConcGCThreads                            = 3                                         {product} {ergonomic}
     uint G1ConcRefinementThreads                  = 13                                        {product} {ergonomic}
   size_t G1HeapRegionSize                         = 1048576                                   {product} {ergonomic}
    uintx GCDrainStackTargetSize                   = 64                                        {product} {ergonomic}
     bool HeapDumpOnOutOfMemoryError               = true                                   {manageable} {command line}
   size_t InitialHeapSize                          = 268435456                                 {product} {command line}
   size_t MarkStackSize                            = 4194304                                   {product} {ergonomic}
   size_t MaxHeapSize                              = 536870912                                 {product} {command line}
   size_t MaxMetaspaceSize                         = 402653184                                 {product} {command line}
   size_t MaxNewSize                               = 321912832                                 {product} {ergonomic}
   size_t MinHeapDeltaBytes                        = 1048576                                   {product} {ergonomic}
   size_t MinHeapSize                              = 268435456                                 {product} {command line}
    uintx NonNMethodCodeHeapSize                   = 7602480                                {pd product} {ergonomic}
    uintx NonProfiledCodeHeapSize                  = 122027880                              {pd product} {ergonomic}
     bool PerfDisableSharedMem                     = true                                      {product} {ergonomic}
    uintx ProfiledCodeHeapSize                     = 122027880                              {pd product} {ergonomic}
    uintx ReservedCodeCacheSize                    = 251658240                              {pd product} {ergonomic}
     bool SegmentedCodeCache                       = true                                      {product} {ergonomic}
   size_t SoftMaxHeapSize                          = 536870912                              {manageable} {ergonomic}
     bool UseCompressedOops                        = true                           {product lp64_product} {ergonomic}
     bool UseG1GC                                  = true                                      {product} {ergonomic}
     bool UseLargePagesIndividualAllocation        = false                                  {pd product} {ergonomic}

Logging:
Log output configuration:
 #0: stdout all=warning uptime,level,tags foldmultilines=false
 #1: stderr all=off uptime,level,tags foldmultilines=false

Release file:
JAVA_VERSION="21.0.10" 
MODULES="java.base java.compiler java.datatransfer java.xml java.prefs java.desktop java.instrument java.logging java.management java.security.sasl java.naming java.rmi java.management.rmi java.net.http java.scripting java.security.jgss java.transaction.xa java.sql java.sql.rowset java.xml.crypto java.se java.smartcardio jdk.accessibility jdk.internal.jvmstat jdk.attach jdk.charsets jdk.internal.opt jdk.zipfs jdk.compiler jdk.crypto.ec jdk.crypto.cryptoki jdk.crypto.mscapi jdk.dynalink jdk.internal.ed jdk.editpad jdk.hotspot.agent jdk.httpserver jdk.internal.le jdk.internal.vm.ci jdk.internal.vm.compiler jdk.internal.vm.compiler.management jdk.jartool jdk.javadoc jdk.jcmd jdk.management jdk.management.agent jdk.jconsole jdk.jdeps jdk.jdwp.agent jdk.jdi jdk.jfr jdk.jshell jdk.jsobject jdk.jstatd jdk.localedata jdk.management.jfr jdk.naming.dns jdk.naming.rmi jdk.net jdk.nio.mapmode jdk.random jdk.sctp jdk.security.auth jdk.security.jgss jdk.unsupported jdk.unsupported.desktop jdk.xml.dom" 

Environment Variables:
JAVA_HOME=C:\Program Files\BellSoft\LibericaJDK-17\
PATH=C:\Program Files\Google\Chrome\Application;C:\Program Files\BellSoft\LibericaJDK-17\bin\;C:\Program Files\Common Files\Oracle\Java\javapath;C:\Program Files (x86)\Common Files\Oracle\Java\java8path;C:\Program Files (x86)\Common Files\Oracle\Java\javapath;C:\WINDOWS\system32;C:\WINDOWS;C:\WINDOWS\System32\Wbem;C:\WINDOWS\System32\WindowsPowerShell\v1.0\;C:\WINDOWS\System32\OpenSSH\;C:\Program Files\Git\cmd;C:\Program Files (x86)\Git\cmd;C:\ProgramData\chocolatey\bin;C:\Program Files\nodejs\;C:\Program Files (x86)\Microsoft SQL Server\160\Tools\Binn\;C:\Program Files\Microsoft SQL Server\160\Tools\Binn\;C:\Program Files\Microsoft SQL Server\Client SDK\ODBC\170\Tools\Binn\;C:\Program Files\Microsoft SQL Server\160\DTS\Binn\;C:\Program Files\Microsoft SQL Server\150\Tools\Binn\;C:\Program Files\dotnet\;C:\Users\Admin\Downloads\apache-maven-3.9.11-bin;C:\Users\Admin\Downloads\apache-maven-3.9.11-bin\apache-maven-3.9.11\bin;C:\apache-tomcat-10.1.44-windows-x64\apache-tomcat-10.1.44\bin;C:\apache-tomcat-10.1.44-windows-x64\apache-tomcat-10.1.44;C:\Program Files\Microsoft SQL Server\170\DTS\Binn\;C:\Program Files\MySQL\MySQL Shell 8.0\bin\;C:\Users\Admin\AppData\Local\Microsoft\WindowsApps;C:\Users\Admin\AppData\Local\Programs\Microsoft VS Code\bin;C:\msys64\ucrt64\bin;C:\Users\Admin\AppData\Roaming\npm;C:\Users\Admin\.dotnet\tools;E:\IntelliJ IDEA 2026.1\bin;C:\Users\Admin\AppData\Local\Programs\Antigravity\bin
USERNAME=Th? Phong
OS=Windows_NT
PROCESSOR_IDENTIFIER=AMD64 Family 25 Model 117 Stepping 2, AuthenticAMD
TMP=C:\Users\Admin\AppData\Local\Temp
TEMP=C:\Users\Admin\AppData\Local\Temp




Periodic native trim disabled

---------------  S Y S T E M  ---------------

OS:
 Windows 11 , 64 bit Build 26100 (10.0.26100.8246)
OS uptime: 0 days 1:22 hours
Hyper-V role detected

CPU: total 16 (initial active 16) (16 cores per cpu, 2 threads per core) family 25 model 117 stepping 2 microcode 0xa70520a, cx8, cmov, fxsr, ht, mmx, 3dnowpref, sse, sse2, sse3, ssse3, sse4a, sse4.1, sse4.2, popcnt, lzcnt, tsc, tscinvbit, avx, avx2, aes, erms, clmul, bmi1, bmi2, adx, avx512f, avx512dq, avx512cd, avx512bw, avx512vl, sha, fma, vzeroupper, avx512_vpopcntdq, avx512_vpclmulqdq, avx512_vaes, avx512_vnni, clflush, clflushopt, avx512_vbmi2, avx512_vbmi, hv, rdtscp, rdpid, fsrm, gfni, avx512_bitalg, f16c, cet_ss, avx512_ifma
Processor Information for processor 0
  Max Mhz: 3801, Current Mhz: 3046, Mhz Limit: 3801
Processor Information for processor 1
  Max Mhz: 3801, Current Mhz: 3046, Mhz Limit: 3801
Processor Information for processor 2
  Max Mhz: 3801, Current Mhz: 3046, Mhz Limit: 3801
Processor Information for processor 3
  Max Mhz: 3801, Current Mhz: 3801, Mhz Limit: 3801
Processor Information for processor 4
  Max Mhz: 3801, Current Mhz: 3046, Mhz Limit: 3801
Processor Information for processor 5
  Max Mhz: 3801, Current Mhz: 3046, Mhz Limit: 3801
Processor Information for processor 6
  Max Mhz: 3801, Current Mhz: 3046, Mhz Limit: 3801
Processor Information for processor 7
  Max Mhz: 3801, Current Mhz: 3046, Mhz Limit: 3801
Processor Information for processor 8
  Max Mhz: 3801, Current Mhz: 3046, Mhz Limit: 3801
Processor Information for processor 9
  Max Mhz: 3801, Current Mhz: 3046, Mhz Limit: 3801
Processor Information for processor 10
  Max Mhz: 3801, Current Mhz: 3801, Mhz Limit: 3801
Processor Information for processor 11
  Max Mhz: 3801, Current Mhz: 3046, Mhz Limit: 3801
Processor Information for processor 12
  Max Mhz: 3801, Current Mhz: 3801, Mhz Limit: 3801
Processor Information for processor 13
  Max Mhz: 3801, Current Mhz: 3046, Mhz Limit: 3801
Processor Information for processor 14
  Max Mhz: 3801, Current Mhz: 3046, Mhz Limit: 3801
Processor Information for processor 15
  Max Mhz: 3801, Current Mhz: 3046, Mhz Limit: 3801

Memory: 4k page, system-wide physical 14086M (1336M free)
TotalPageFile size 28385M (AvailPageFile size 4M)
current process WorkingSet (physical memory assigned to process): 318M, peak: 318M
current process commit charge ("private bytes"): 493M, peak: 494M

vm_info: OpenJDK 64-Bit Server VM (21.0.10+7-LTS) for windows-amd64 JRE (21.0.10+7-LTS), built on 2026-01-20T00:00:00Z by "admin" with MS VC++ 17.12 (VS2022)

END.
